"ParticipantID","SS_ACC","SS_ACC_Interference","SS_ACC_Go","SS_ACC_NoGo","SS_RTc","SS_RTc_Interference","SS_RTc_Go","SS_RTmean_Go","SS_RTmedian_Go","SS_meanGAP","SS_medianGAP","SS_LogRTc","SS_LogRTc_Interference","SS_LogRTc_Go_1","SS_LogRTc_1","SS_LogRTc_Go","SS_LogGAP","SS_LogStopGap_1","SS_StopSignalRTmean","SS_StopSignalRTmedian","SS_EFF","SS_EFF_Interference","SS_EFF_Go","SS_EFF_NoGo"
10700,0.933333333333333,0.333333333333333,1,0.666666666666667,0.838239583335807,0.406439583335807,0.838239583335807,0.838239583335807,0.771000000000015,0.4318,0.4332,-0.0994407243217423,0.276652984345484,0.259485232889192,0.259485232889192,-0.0994407243217423,-0.376093708667226,0.154902134699387,0.406439583335807,0.5668,1.11344459494396,-0.44728383453639,1.19297635172567,1.64026018626206
10780,0.9,0.5,1,0.5,0.535245833331096,0.276983333331096,0.535245833331096,0.535245833331096,0.505949999988047,0.2582625,0.25585,-0.292902390691246,0.303242184754263,0.183545510571801,0.183545510571801,-0.292902390691246,-0.596144575445509,0.0994386873560988,0.276983333331096,0.74415,1.68147035241519,0.0631376260484962,1.86830039157243,1.80516276552394
11111,0.8,0.947916666666667,0.989583333333333,0.0416666666666667,0.580048421052657,0.484252587719323,0.580048421052657,0.576845833333294,0.397350000001552,0.0957958333333333,0.0666,-0.341268036426876,0.758467088851142,0.174512581736523,0.174512581736523,-0.341268036426876,-1.09973512527802,0.0389175313891931,0.481049999999961,0.922983333333333,1.3791952033042,1.61941965037962,1.7060357332539,0.0866160828742751
11620,0.908333333333333,0.458333333333333,1,0.541666666666667,0.523754374999963,0.266641249999963,0.523754374999963,0.523754374999963,0.510325000001103,0.257113125,0.215995,-0.292677091728792,0.346202587335302,0.181468069706461,0.181468069706461,-0.292677091728792,-0.638879679064093,0.0974619203937453,0.266641249999963,0.784005,1.73427350049992,-0.122151694814627,1.90929192715588,2.0314436219705
11738,0.858333333333333,0.65625,0.989583333333333,0.333333333333333,0.567675789473867,0.451442456140533,0.567675789473867,0.570226041666847,0.43490000000611,0.116233333333333,0.1084,-0.289328345370742,0.708581949927911,0.188849813491141,0.188849813491141,-0.289328345370742,-0.997910295298653,0.0471026796225921,0.453992708333514,0.881183333333333,1.51201328161071,1.00899301306748,1.74321919603177,0.734226182964284
12073,0.925,0.375,1,0.625,1.31050520833332,0.83945937499999,1.31050520833332,1.31050520833332,1.10059999999999,0.471045833333333,0.50015,0.0570750604610021,0.400441039944553,0.335647141762879,0.335647141762879,0.0570750604610021,-0.343365979483551,0.166220038426949,0.83945937499999,0.49985,0.705834661410005,0.0185377014408641,0.763064498821628,0.744526797380763
12656,0.883333333333333,0.583333333333333,1,0.416666666666667,0.6870872916658,0.5434122916658,0.6870872916658,0.6870872916658,0.626122499990743,0.143675,0.1333475,-0.200741899308853,0.703327183848275,0.220214591657142,0.220214591657142,-0.200741899308853,-0.904069083157128,0.0574792261700153,0.5434122916658,0.8666525,1.28562024657995,0.688659408550821,1.45541914707164,0.766759738520817
12703,0.891666666666667,0.541666666666667,1,0.458333333333333,0.605083333332869,0.362516666666202,0.605083333332869,0.605083333332869,0.611800000004393,0.242566666666667,0.25065,-0.234578186511698,0.399116594817726,0.203354849356735,0.203354849356735,-0.234578186511698,-0.633694781329424,0.0936915651211986,0.362516666666202,0.74935,1.47362622228456,0.388355235275729,1.6526649221883,1.26430968691257
12970,0.908333333333333,0.458333333333333,1,0.541666666666667,0.542873958333414,0.292757291666747,0.542873958333414,0.542873958333414,0.510950000000186,0.250116666666667,0.2567,-0.285213246136331,0.353659514022995,0.185781406739139,0.185781406739139,-0.285213246136331,-0.638872760159326,0.0958757655208252,0.292757291666747,0.7433,1.67319378538962,-0.00817613560201158,1.84204820409867,1.85022433970068
13339,0.95,0.25,1,0.75,0.911241666662195,0.403637499995528,0.911241666662195,0.911241666662195,0.883899999976166,0.507604166666667,0.5406,-0.0636595229762452,0.273783047908455,0.27650109060346,0.27650109060346,-0.0636595229762452,-0.3374425708847,0.174081008655492,0.403637499995528,0.4594,1.04253353940648,-0.760699151292173,1.09740372569103,1.85810287698321
13662,0.9,0.5,1,0.5,0.464269374996851,0.217541458330184,0.464269374996851,0.464269374996851,0.441534999990836,0.246727916666667,0.250015,-0.340712117598884,0.278343121781805,0.164800050045726,0.164800050045726,-0.340712117598884,-0.619055239380689,0.0953337468383987,0.217541458330184,0.749985,1.93852975981047,-0.144490512043673,2.15392195534496,2.29841246738863
13764,0.9,0.5,1,0.5,0.440718750000001,0.263677083333334,0.440718750000001,0.440718750000001,0.431499999999971,0.177041666666667,0.1835,-0.363605636487802,0.415309464936922,0.157834521835835,0.157834521835835,-0.363605636487802,-0.778915101424725,0.0703033408023753,0.263677083333334,0.8165,2.04211869814933,0.37276193638991,2.26902077572147,1.89625883933156
14746,0.908333333333333,0.458333333333333,1,0.541666666666667,0.688995833332328,0.451795833332328,0.688995833332328,0.688995833332328,0.549499999985187,0.2372,0.21585,-0.225405493271585,0.427462824753214,0.211922775247175,0.211922775247175,-0.225405493271585,-0.6528683180248,0.0914429731671849,0.451795833332328,0.78415,1.31834372486722,0.252468458713543,1.45138758700978,1.19891912829624
14967,0.941666666666667,0.291666666666667,1,0.708333333333333,0.77833749999971,0.361633333333044,0.77833749999971,0.77833749999971,0.745599999999627,0.416704166666667,0.35955,-0.144454643168731,0.273588142376878,0.243477007700118,0.243477007700118,-0.144454643168731,-0.418042785545609,0.148222556123165,0.361633333333044,0.64045,1.20984363038787,-0.673916175523348,1.28478969598712,1.95870587151046
15940,0.883333333333333,0.583333333333333,1,0.416666666666667,0.379561874999126,0.264679999999126,0.379561874999126,0.379561874999126,0.323517500014532,0.114881875,0.1149625,-0.459807839717356,0.520011469880726,0.133737741711521,0.133737741711521,-0.459807839717356,-0.979819309598082,0.0467933144549121,0.264679999999126,0.8850375,2.32724462470148,1.06038855767114,2.63461655626583,1.57422799859469
16021,0.891666666666667,0.541666666666667,1,0.458333333333333,0.363693749999005,0.210481249999005,0.363693749999005,0.363693749999005,0.357599999994036,0.1532125,0.16575,-0.442740965252197,0.396207670402317,0.134461174952349,0.134461174952349,-0.442740965252197,-0.838948635654514,0.0615274210846986,0.210481249999005,0.83425,2.45169642499797,0.572016619083893,2.74956608410987,2.17754946502598
16062,0.925,0.375,1,0.625,0.701819791684546,0.276669791684546,0.701819791684546,0.701819791684546,0.709200000047701,0.42515,0.43355,-0.163172977401594,0.215018699863977,0.229388917983403,0.229388917983403,-0.163172977401594,-0.37819167726557,0.153300586112107,0.276669791684546,0.56645,1.31800215804653,-0.83414343061088,1.42486719788814,2.25901062849902
16258,0.925,0.375,1,0.625,0.774826041662446,0.395171874995779,0.774826041662446,0.774826041662446,0.630500000000211,0.379654166666667,0.36605,-0.15925334528896,0.2782889628275,0.239481987671916,0.239481987671916,-0.15925334528896,-0.437542308116461,0.138516721711127,0.395171874995779,0.63395,1.19381635394616,-0.290978014516125,1.29061227453639,1.58159028905252
16448,0.925,0.375,1,0.625,0.729226041666464,0.381421874999798,0.729226041666464,0.729226041666464,0.64170000000297,0.347804166666667,0.33315,-0.16870267359779,0.302579125727284,0.231199805286656,0.231199805286656,-0.16870267359779,-0.471281799325073,0.128797444328154,0.381421874999798,0.66685,1.26846813902332,-0.26728863962841,1.37131690705223,1.63860554668064
16726,1,0,1,1,1.44803020833308,0.607726041666415,1.44803020833308,1.44803020833308,1.31590000000597,0.840304166666667,0.83965,0.139750358216712,0.259542633281047,0.381465617535767,0.381465617535767,0.139750358216712,-0.119792275064335,0.256981440513851,0.607726041666415,0.16035,0.690593327573713,-0.95488494954265,0.690593327573713,1.64547827711636
17158,0.825,0.875,1,0.125,0.409673958331984,0.30220312499865,0.409673958331984,0.409673958331984,0.385699999987992,0.107470833333333,0.09005,-0.395974754930723,0.599703458674065,0.148285781496868,0.148285781496868,-0.395974754930723,-0.995678213604787,0.0439868520849186,0.30220312499865,0.90995,2.01379654044657,2.02733642544556,2.4409655035716,0.41362907812604
17608,0.825,0.770833333333333,0.979166666666667,0.208333333333333,0.35860212766062,0.266610460993953,0.35860212766062,0.356143750001054,0.330850000008923,0.0919916666666667,0.06675,-0.470902747703266,0.615877514839238,0.12993225631272,0.12993225631272,-0.470902747703266,-1.0867802625425,0.0377442985422169,0.264152083334388,0.912416666666667,2.30059984691663,1.9418228466932,2.73050991932024,0.788687072627045
17615,0.933333333333333,0.333333333333333,1,0.666666666666667,0.903918750000001,0.457981250000001,0.903918750000001,0.903918750000001,0.847849999999596,0.4459375,0.4089,-0.0730524756634958,0.295936258155764,0.273089615868491,0.273089615868491,-0.0730524756634958,-0.36898873381926,0.158426926719869,0.457981250000001,0.5911,1.0325411806463,-0.349369546788253,1.10629412212104,1.45566366890929
17715,0.891666666666667,0.541666666666667,1,0.458333333333333,0.467352083322901,0.284118749989567,0.467352083322901,0.467352083322901,0.438600000023854,0.183233333333333,0.18605,-0.34091882315472,0.409632490546129,0.165312407059127,0.165312407059127,-0.34091882315472,-0.750551313700849,0.0727750700912036,0.284118749989567,0.81395,1.90791203994826,0.526539195106319,2.13971443732516,1.61317524221884
18428,0.8,1,1,0,1.47844375000398,1.39720208333731,1.47844375000398,1.47844375000398,1.33204999995178,0.0812416666666667,0.0664,0.12854962690122,1.2743775963459,0.379697642120785,0.379697642120785,0.12854962690122,-1.14582796944468,0.033438445968923,1.39720208333731,0.9336,0.541109528176401,0.676386910220501,0.676386910220501,0
18865,0.95,0.25,1,0.75,0.88791666666643,0.407562499999763,0.88791666666643,0.88791666666643,0.848199999999224,0.480354166666667,0.4665,-0.0725138598633592,0.273014050122084,0.271659923412167,0.271659923412167,-0.0725138598633592,-0.345527909985443,0.167760920880385,0.407562499999763,0.5335,1.06992022524665,-0.713976740921755,1.1262318160491,1.84020855697086
19059,0.916666666666667,0.416666666666667,1,0.583333333333333,0.502127083333333,0.250814583333333,0.502127083333333,0.502127083333333,0.437399999999968,0.2513125,0.22905,-0.317920752723889,0.327515552094313,0.174484293259552,0.174484293259552,-0.317920752723889,-0.645436304818202,0.095704760947573,0.250814583333333,0.77095,1.82556706677012,-0.334227538281515,1.99152770920376,2.32575524748528
20521,0.891666666666667,0.541666666666667,1,0.458333333333333,0.531565624992557,0.343098749992557,0.531565624992557,0.531565624992557,0.48124000011012,0.188466875,0.2028275,-0.289505432033811,0.461093434666739,0.183093988445521,0.183093988445521,-0.289505432033811,-0.75059886670055,0.0744852207010669,0.343098749992557,0.7971725,1.67743477896855,0.54537107734393,1.88123526613295,1.33586418878902
21049,0.783333333333333,0.979166666666667,0.979166666666667,0,0.386607393620541,0.309363018620541,0.386607393620541,0.384082135420006,0.364674999989802,0.077244375,0.0512575,-0.425590014403309,0.746429404413204,0.140897706962748,0.140897706962748,-0.425590014403309,-1.17201941881651,0.0318336005762412,0.306837760420006,0.927909166666667,2.02617266575658,2.53271583219572,2.53271583219572,0
21072,0.791666666666667,0.989583333333333,0.989583333333333,0,0.330718947372313,0.25334811403898,0.330718947372313,0.329481250004224,0.328500000000076,0.0773708333333333,0.05825,-0.484202212517211,0.68278581393896,0.123859672215145,0.123859672215145,-0.484202212517211,-1.16698802645617,0.0319057713432139,0.25211041667089,0.931333333333333,2.39377475332683,2.99221844165853,2.99221844165853,0
21362,0.958333333333333,0.208333333333333,1,0.791666666666667,1.03587187500236,0.396017708335695,1.03587187500236,1.03587187500236,1.0541999999881,0.639854166666667,0.65765,-0.00848498466874676,0.225342953413003,0.3031896921177,0.3031896921177,-0.00848498466874676,-0.23382793808175,0.209882877248177,0.396017708335695,0.34235,0.925146590480747,-1.0336984994741,0.965370355284258,1.99906885475836
22222,0.908333333333333,0.458333333333333,1,0.541666666666667,0.519119791666666,0.339123958333333,0.519119791666666,0.519119791666666,0.506449999988064,0.179995833333333,0.16665,-0.293441204631975,0.476361836435885,0.180565680326428,0.180565680326428,-0.293441204631975,-0.76980304106786,0.0713665927067972,0.339123958333333,0.83335,1.74975669954149,0.329084925558904,1.92633765087137,1.59725272531246
22799,0.958333333333333,0.208333333333333,1,0.791666666666667,1.18023713541515,0.690064010415155,1.18023713541515,1.18023713541515,1.17128500001854,0.490173125,0.4415175,0.0270487691242939,0.406063268378271,0.326852649880241,0.326852649880241,0.0270487691242939,-0.379014499253977,0.166629323537058,0.690064010415155,0.5584825,0.811983714608535,-0.29994921312979,0.847287354374123,1.14723656750391
22927,0.733333333333333,0.864583333333333,0.90625,0.0416666666666667,0.39960919539271,0.317588362059377,0.39960919539271,0.423619791655494,0.357499999940401,0.0820208333333333,0.05545,-0.421280975808794,0.724483158341904,0.143819171445495,0.143819171445495,-0.421280975808794,-1.1457641341507,0.0337401317276863,0.341598958322161,0.8508,1.83512627283929,2.14586531502298,2.26784070649174,0.121975391468761
23326,0.883333333333333,0.53125,0.989583333333333,0.458333333333333,0.41025999999674,0.252001666663407,0.41025999999674,0.408281249996898,0.388949999988071,0.158258333333333,0.1506,-0.394037733380225,0.439272895885775,0.148649737992821,0.148649737992821,-0.394037733380225,-0.833310629266,0.0632816218637424,0.250022916663565,0.838983333333333,2.1531061603382,0.57892297604261,2.41208826924681,1.8331652932042
23347,0.883333333333333,0.583333333333333,1,0.416666666666667,0.489800000000747,0.371970833334081,0.489800000000747,0.489800000000747,0.444950000003075,0.117829166666667,0.10295,-0.327214705174786,0.64594497724524,0.170964284938074,0.170964284938074,-0.327214705174786,-0.973159682420026,0.0478999017113288,0.371970833334081,0.89705,1.80345719340953,0.921490142204368,2.04164965291644,1.12015951071208
23899,0.875,0.625,1,0.375,0.378257604166853,0.250574062500186,0.378257604166853,0.378257604166853,0.344285000000127,0.127683541666667,0.116345,-0.438923106153577,0.488766868578211,0.137646992345684,0.137646992345684,-0.438923106153577,-0.927689974731788,0.0517723304935821,0.250574062500186,0.883655,2.31323836021028,1.14713746707225,2.64370098309747,1.49656351602521
23919,0.983333333333333,0.0833333333333334,1,0.916666666666667,2.00682911458262,1.28720203124928,2.00682911458262,2.00682911458262,1.97856249999313,0.719627083333333,0.7250575,0.281062804521763,0.465340452609648,0.469383271044715,0.469383271044715,0.281062804521763,-0.184277648087885,0.229110199538047,1.28720203124928,0.2749425,0.489993555598703,-0.213840390678039,0.498298531117325,0.712138921795365
24240,0.833333333333333,0.833333333333333,1,0.166666666666667,0.372698958332338,0.283919791665672,0.372698958332338,0.372698958332338,0.342150000020865,0.0887791666666667,0.0669,-0.445461472090912,0.653359316295338,0.136071640469191,0.136071640469191,-0.445461472090912,-1.09882078838625,0.0365139052596753,0.283919791665672,0.9331,2.2359422120795,2.09611040596364,2.6831306544954,0.587020248531755
24243,0.958333333333333,0.208333333333333,1,0.791666666666667,1.22355390625004,0.709719947916708,1.22355390625004,1.22355390625004,1.16262249997817,0.513833958333333,0.533575,0.056360936690431,0.382552661023792,0.337831801710693,0.337831801710693,0.056360936690431,-0.326191724333361,0.17617786308847,0.709719947916708,0.466425,0.783237525080069,-0.298172126568512,0.817291330518333,1.11546345708684
24256,0.991666666666667,0.0416666666666666,1,0.958333333333333,1.78192395833368,0.997232291667009,1.78192395833368,1.78192395833368,1.71700000000001,0.784691666666667,0.7834,0.232659586981581,0.377041750726727,0.436975468818571,0.436975468818571,0.232659586981581,-0.144382163745145,0.245082848416714,0.997232291667009,0.2166,0.556514581909545,-0.399801906859203,0.561191175034835,0.960993081894038
24391,0.916666666666667,0.416666666666667,1,0.583333333333333,0.525465625006704,0.241044791673371,0.525465625006704,0.525465625006704,0.447099999964223,0.284420833333333,0.26635,-0.300478799690976,0.281454863931273,0.180740997617236,0.180740997617236,-0.300478799690976,-0.581933663622249,0.107072093224013,0.241044791673371,0.73365,1.74448455435115,-0.516946424385342,1.90307405929216,2.4200204836775
24881,0.875,0.625,1,0.375,0.646677083333338,0.505718750000005,0.646677083333338,0.646677083333338,0.639500000000112,0.140958333333333,0.116,-0.213215053879366,0.694089924427568,0.212799027331501,0.212799027331501,-0.213215053879366,-0.907304978306934,0.0564049351735775,0.505718750000005,0.884,1.35307098790289,0.804847965482832,1.54636684331759,0.741518877834758
25653,0.516666666666667,-0.291666666666667,0.458333333333333,0.75,1.71429318182847,1.08299734849514,1.71429318182847,1.76651250000794,1.47289999997611,0.631295833333333,0.66625,0.188003356634032,0.410459345828451,0.41480366269861,0.41480366269861,0.188003356634032,-0.222455989194419,0.20958602493906,1.13521666667461,-0.207916666666667,0.301387576024533,-0.393306886578833,0.267359946473376,0.660666833052209
25813,0.858333333333333,0.708333333333333,1,0.291666666666667,0.538639583333706,0.434606250000373,0.538639583333706,0.538639583333706,0.479549999982098,0.104033333333333,0.0834,-0.289991078218271,0.732387205276902,0.183603421383584,0.183603421383584,-0.289991078218271,-1.02237828349517,0.0425740313064534,0.434606250000373,0.9166,1.59352071383429,1.18542343646972,1.85652898699141,0.671105550521689
26045,0.95,0.25,1,0.75,1.09775208333328,0.596672916666617,1.09775208333328,1.09775208333328,0.970150000000345,0.501079166666667,0.5254,-0.0250377682496896,0.316350033155773,0.303590385318202,0.303590385318202,-0.0250377682496896,-0.341387801405463,0.172364106229147,0.596672916666617,0.4746,0.865404870938947,-0.346017577912395,0.910952495725207,1.2569700736376
26433,0.908333333333333,0.458333333333333,1,0.541666666666667,0.694084062500149,0.513798854166816,0.694084062500149,0.694084062500149,0.556897500000616,0.180285208333333,0.19159,-0.207646874661889,0.571365447618738,0.220220954256972,0.220220954256972,-0.207646874661889,-0.779012322280626,0.0713359122832146,0.513798854166816,0.80841,1.30867913903892,0.386508916472442,1.44074767600615,1.05423875953371
27250,0.908333333333333,0.40625,0.989583333333333,0.583333333333333,0.739673157894408,0.299400866227741,0.739673157894408,0.734157916666542,0.792632500000764,0.440272291666667,0.4300025,-0.164367329465212,0.211920638393246,0.235186681015051,0.235186681015051,-0.164367329465212,-0.376287967858458,0.15672197275914,0.293885624999875,0.559580833333333,1.22801986747639,-0.647033489357148,1.33786568131029,1.98489917066743
27532,0.966666666666667,0.166666666666667,1,0.833333333333333,1.17238645833334,0.545361458333337,1.17238645833334,1.17238645833334,1.15580000000006,0.627025,0.5416,0.0431928537394647,0.276065387954767,0.329908173649433,0.329908173649433,0.0431928537394647,-0.232872534215303,0.207137881327518,0.545361458333337,0.4584,0.82452902777543,-0.675077489196704,0.852961063215962,1.52803855241267
27890,0.891666666666667,0.489583333333333,0.989583333333333,0.5,0.431953684211405,0.225782850878071,0.431953684211405,0.4302739583347,0.400299999982167,0.206170833333333,0.2004,-0.378167452781223,0.3235971212696,0.154443927372413,0.154443927372413,-0.378167452781223,-0.701764574050823,0.080967460294722,0.224103125001366,0.789183333333333,2.06426452478241,0.059832081392293,2.29094777867207,2.23111569727978
27956,0.791666666666667,0.9375,0.979166666666667,0.0416666666666667,0.412507446814092,0.329899113480759,0.412507446814092,0.410041666671634,0.383349999904652,0.0826083333333333,0.0661,-0.402171863326021,0.736774659946901,0.147768388387719,0.147768388387719,-0.402171863326021,-1.13894652327292,0.0339763802693433,0.327433333338301,0.913066666666667,1.91915727287089,2.24644215481664,2.37369452170873,0.127252366892094
28034,0.95,0.25,1,0.75,1.19610520833333,0.647805208333331,1.19610520833333,1.19610520833333,1.06714999999946,0.5483,0.53325,0.0321411191545568,0.343580243756452,0.328914109819877,0.328914109819877,0.0321411191545568,-0.311439124601895,0.184496775488648,0.647805208333331,0.46675,0.794244514095664,-0.321708576869769,0.836046856942805,1.15775543381257
28769,0.816666666666667,0.864583333333333,0.989583333333333,0.125,1.53073799999947,1.42681987499947,1.53073799999947,1.51479843749941,0.620704999993904,0.103918125,0.06635,-0.0619259779865598,1.00897477585808,0.317437096408955,0.317437096408955,-0.0619259779865598,-1.07090075384464,0.0419210816351394,1.41088031249941,0.923233333333333,0.53351172223264,0.557877495472389,0.646474663419654,0.088597167947265
29529,0.9,0.5,1,0.5,0.448038541667013,0.284009375000346,0.448038541667013,0.448038541667013,0.416300000000774,0.164029166666667,0.15775,-0.358455176773371,0.490560864494667,0.159725431207984,0.159725431207984,-0.358455176773371,-0.849016041268037,0.0649230395722611,0.284009375000346,0.84225,2.0087557571529,0.471445576272084,2.231950841281,1.76050526500891
30092,0.916666666666667,0.416666666666667,1,0.583333333333333,0.611297656249803,0.22017619791647,0.611297656249803,0.611297656249803,0.477207500000077,0.391121458333333,0.3298275,-0.265125850664568,0.186837873922559,0.20004767857341,0.20004767857341,-0.265125850664568,-0.451963724587128,0.140093679718219,0.22017619791647,0.6701725,1.49954225620665,-1.01352897396622,1.63586427949816,2.64939325346438
30154,0.9,0.447916666666667,0.989583333333333,0.541666666666667,0.600163157894734,0.340729824561401,0.600163157894734,0.596673958332586,0.553600000023863,0.259433333333333,0.25025,-0.240859218034179,0.363386804244228,0.201427400827338,0.201427400827338,-0.240859218034179,-0.604246022278408,0.099401745816817,0.337240624999252,0.739333333333333,1.49959221615175,0.0426845370811648,1.6488571821113,1.60617264503014
30514,0.808333333333333,0.90625,0.989583333333333,0.0833333333333333,0.345245263149862,0.259924429816528,0.345245263149862,0.344157291655737,0.340099999904624,0.0853208333333333,0.06665,-0.465124479390281,0.649407826502873,0.128583640147627,0.128583640147627,-0.465124479390281,-1.11453230589315,0.0351431358429048,0.258836458322404,0.922933333333333,2.34133069910494,2.54436618461539,2.86631979916197,0.321953614546581
30576,0.95,0.25,1,0.75,0.840872968760474,0.364928385427141,0.840872968760474,0.840872968760474,0.582572499988601,0.475944583333333,0.5088125,-0.146933393014947,0.209850621824127,0.24937592302605,0.24937592302605,-0.146933393014947,-0.356784014839074,0.16586749197382,0.364928385427141,0.4911875,1.12977826056222,-0.865957484928543,1.18924027427602,2.05519775920457
30819,0.791666666666667,0.989583333333333,0.989583333333333,0,0.693279999996486,0.612938333329819,0.693279999996486,0.710991666663437,0.477300000071523,0.0803416666666667,0.0624,-0.243897677963901,0.903829720351012,0.208995334935546,0.208995334935546,-0.243897677963901,-1.14772739831491,0.0330984885759399,0.630649999996771,0.927183333333333,1.14191476267984,1.4273934533498,1.4273934533498,0
31431,0.983333333333333,0.0833333333333334,1,0.916666666666667,1.30862812499702,0.60908645833035,1.30862812499702,1.30862812499702,1.36090000003574,0.699541666666667,0.64125,0.0875477710661998,0.281168881192045,0.354541785199848,0.354541785199848,0.0875477710661998,-0.193621110125846,0.224376164669487,0.60908645833035,0.35875,0.751423047197289,-0.740827090592943,0.764159031048091,1.50498612164103
31831,0.741666666666667,0.927083333333333,0.927083333333333,0,0.482034831459937,0.397247331459937,0.482034831459937,0.465523958333146,0.311100000023828,0.0847875,0.06595,-0.481013438550439,0.635341173890801,0.13297154754145,0.13297154754145,-0.481013438550439,-1.11635461244124,0.0349090667050327,0.380736458333146,0.861133333333333,1.5386163369572,1.92327042119649,1.92327042119649,0
32201,0.858333333333333,0.708333333333333,1,0.291666666666667,0.439825000001737,0.297566666668404,0.439825000001737,0.439825000001737,0.402200000017899,0.142258333333333,0.11645,-0.371405920733348,0.541171191331695,0.156870909648095,0.156870909648095,-0.371405920733348,-0.912577112065043,0.0567775726256508,0.297566666668404,0.88355,1.95153375394746,1.29345904764094,2.27363155799705,0.980172510356102
33296,0.883333333333333,0.583333333333333,1,0.416666666666667,0.617682291656737,0.39797812499007,0.617682291656737,0.617682291656737,0.510899999976118,0.219704166666667,0.2002,-0.253375518127216,0.471121951801333,0.202091320148104,0.202091320148104,-0.253375518127216,-0.724497469928549,0.0844289197831444,0.39797812499007,0.7998,1.43007715335998,0.571996552128129,1.61895526795469,1.04695871582656
33333,0.908333333333333,0.458333333333333,1,0.541666666666667,0.545812500000068,0.188062500000068,0.545812500000068,0.545812500000068,0.501500000000306,0.35775,0.3585,-0.278246838560323,0.181422425454234,0.186961688968575,0.186961688968575,-0.278246838560323,-0.459669264014556,0.131974476027728,0.188062500000068,0.6415,1.66418565594086,-1.0481171470884,1.83213099736608,2.88024814445448
33686,0.933333333333333,0.333333333333333,1,0.666666666666667,0.72579791666846,0.249277083335126,0.72579791666846,0.72579791666846,0.71350000000001,0.476520833333333,0.5003,-0.149123034825783,0.193107972528756,0.235257836061618,0.235257836061618,-0.149123034825783,-0.342231007354539,0.16741110891172,0.249277083335126,0.4997,1.28594104763692,-1.29660616077579,1.37779397961099,2.67440014038677
34585,0.95,0.25,1,0.75,1.34627708333333,0.763052083333333,1.34627708333333,1.34627708333333,1.21775,0.583225,0.54155,0.104630506271027,0.362822888400351,0.361993162580483,0.361993162580483,0.104630506271027,-0.258192382129324,0.196524539855857,0.763052083333333,0.45845,0.705649685165727,-0.240105756222738,0.742789142279713,0.982894898502451
35626,0.983333333333333,0.0833333333333334,1,0.916666666666667,1.62158218750021,0.893491979166877,1.62158218750021,1.62158218750021,1.55880249999967,0.728090208333333,0.72566,0.189061178191936,0.368277809330022,0.410630513020937,0.410630513020937,0.189061178191936,-0.179216631138086,0.231111713564325,0.893491979166877,0.27434,0.606403635235544,-0.409255545261032,0.616681662951401,1.02593720821243
36133,0.833333333333333,0.833333333333333,1,0.166666666666667,0.418940416666662,0.321804374999996,0.418940416666662,0.418940416666662,0.405820000000176,0.0971360416666667,0.0669175,-0.387737313237993,0.676444603307969,0.151062656521385,0.151062656521385,-0.387737313237993,-1.06418191654596,0.0397516138089452,0.321804374999996,0.9330825,1.9891452344556,1.86906128943457,2.38697428134671,0.517912991912148
36160,0.858333333333333,0.708333333333333,1,0.291666666666667,0.391103229166523,0.282651562499856,0.391103229166523,0.391103229166523,0.385652499971911,0.108451666666667,0.10083,-0.411965464320104,0.606897798610358,0.143001502078007,0.143001502078007,-0.411965464320104,-1.01886326293046,0.044171597807288,0.282651562499856,0.89917,2.19464650077812,1.52497494816821,2.55686970964441,1.03189476147621
37582,0.891666666666667,0.541666666666667,1,0.458333333333333,0.512026041668533,0.2736927083352,0.512026041668533,0.512026041668533,0.481499999999983,0.238333333333333,0.23425,-0.300545614752951,0.340299363184528,0.178221393103691,0.178221393103691,-0.300545614752951,-0.64084497793748,0.0922349125383241,0.2736927083352,0.76575,1.74144788370725,0.27839817344952,1.95302566397075,1.67462749052123
37602,0.791666666666667,0.989583333333333,0.989583333333333,0,0.369064789472491,0.289177914472491,0.369064789472491,0.367496145832168,0.356525000010151,0.079886875,0.066175,-0.442528607390451,0.709967828510747,0.135479462066588,0.135479462066588,-0.442528607390451,-1.1524964359012,0.0329152853795738,0.287609270832168,0.923408333333333,2.14506148852131,2.68132686065164,2.68132686065164,0
37690,0.925,0.375,1,0.625,0.695438541667196,0.347850208333863,0.695438541667196,0.695438541667196,0.655247499991674,0.347588333333333,0.3330075,-0.177453353452775,0.32970259650041,0.22576618164573,0.22576618164573,-0.177453353452775,-0.507155949953185,0.126810143606799,0.347850208333863,0.6669925,1.33009596762134,-0.358808810611171,1.43794158661766,1.79675039722883
38087,0.791666666666667,0.989583333333333,0.989583333333333,0,0.323050526316541,0.237250526316541,0.323050526316541,0.322563541666913,0.321849999964286,0.0858,0.0664,-0.495609000331218,0.619475402571979,0.121269727862758,0.121269727862758,-0.495609000331218,-1.1150844029032,0.0352752187771997,0.236763541666913,0.923183333333333,2.45059704961122,3.06324631201402,3.06324631201402,0
38934,0.941666666666667,0.291666666666667,1,0.708333333333333,2.12661479166006,1.55091749999339,2.12661479166006,2.12661479166006,1.72035499999765,0.575697291666667,0.56645,0.252175056356277,0.507899381322726,0.461537562866124,0.461537562866124,0.252175056356277,-0.255724324966449,0.195583528738197,1.55091749999339,0.43355,0.442800769730184,0.0135120067169693,0.47023090590816,0.45671889919119
39264,0.783333333333333,0.979166666666667,0.979166666666667,0,0.30409787234347,0.22817287234347,0.30409787234347,0.303409375006954,0.314149999856937,0.075925,0.05545,-0.523345717312847,0.652428562897975,0.114974166556765,0.114974166556765,-0.523345717312847,-1.17577428021082,0.031321174509263,0.227484375006954,0.923716666666667,2.57592507075676,3.21990633844596,3.21990633844596,0
39321,0.941666666666667,0.291666666666667,1,0.708333333333333,0.983893437499622,0.330977604166288,0.983893437499622,0.983893437499622,0.995207500003744,0.652915833333333,0.718885,-0.0163035253954683,0.189270799463579,0.295342474137839,0.295342474137839,-0.0163035253954683,-0.205574324859047,0.215634968374797,0.330977604166288,0.281115,0.957081967189184,-1.12375443162064,1.01637023064338,2.14012466226402
40697,0.85,0.75,1,0.25,0.422531249999998,0.316406249999998,0.422531249999998,0.422531249999998,0.413499999999985,0.106125,0.067,-0.381282000203811,0.668770699346638,0.152364460778426,0.152364460778426,-0.381282000203811,-1.05005269955045,0.0430592288827874,0.316406249999998,0.933,2.01168552621849,1.57656539758456,2.36668885437469,0.790123456790129
41169,0.866666666666667,0.666666666666667,1,0.333333333333333,0.592768072916801,0.472380364583467,0.592768072916801,0.592768072916801,0.51583500000018,0.120387708333333,0.113355,-0.257081418288612,0.714067740537754,0.196090105754399,0.196090105754399,-0.257081418288612,-0.971149158826366,0.048804610675302,0.472380364583467,0.886645,1.46206704825061,0.981354400942758,1.68700044028916,0.705646039346402
41538,0.958333333333333,0.208333333333333,1,0.791666666666667,0.887841666666669,0.337195833333336,0.887841666666669,0.887841666666669,0.849949999999978,0.550645833333333,0.53395,-0.0721186587986473,0.220725693231729,0.271574067301974,0.271574067301974,-0.0721186587986473,-0.292844352030377,0.186600036854389,0.337195833333336,0.46605,1.079396664195,-1.22146797234897,1.12632695394261,2.34779492629158
42031,0.883333333333333,0.583333333333333,1,0.416666666666667,0.809919791664928,0.598315624998261,0.809919791664928,0.809919791664928,0.772949999988072,0.211604166666667,0.21615,-0.123237016108384,0.589609293934377,0.25132255185159,0.25132255185159,-0.123237016108384,-0.712846310042761,0.0823802206608642,0.598315624998261,0.78385,1.09064297776634,0.538290722715795,1.23469016350907,0.696399440793273
42130,0.941666666666667,0.291666666666667,1,0.708333333333333,0.75746562500011,0.35247812500011,0.75746562500011,0.75746562500011,0.762150000000418,0.4049875,0.42575,-0.127428256400664,0.314981912488884,0.24368424441466,0.24368424441466,-0.127428256400664,-0.442410168889549,0.144419896726889,0.35247812500011,0.57425,1.24318072739806,-0.689389049913278,1.3201919229006,2.00958097281388
42318,0.9,0.447916666666667,0.989583333333333,0.541666666666667,0.576457894736823,0.366807894736823,0.576457894736823,0.576556250000356,0.525849999994307,0.20965,0.20035,-0.25467038267564,0.453610393198641,0.195554156144755,0.195554156144755,-0.25467038267564,-0.708280775874281,0.0818835545758656,0.366906250000356,0.789233333333333,1.56125886767651,0.240353855271235,1.71666194941283,1.4763080941416
42882,0.9,0.5,1,0.5,0.439547916670642,0.230510416670642,0.439547916670642,0.439547916670642,0.411450000047694,0.2090375,0.2014,-0.365979413893908,0.320472403209516,0.157307638818197,0.157307638818197,-0.365979413893908,-0.686451817103424,0.0822436284553238,0.230510416670642,0.7986,2.04755833406527,0.105965443800513,2.27506481562808,2.16909937182757
42900,0.933333333333333,0.333333333333333,1,0.666666666666667,0.803601041662194,0.330730208328861,0.803601041662194,0.803601041662194,0.763549999952303,0.472870833333333,0.4902,-0.106192921736486,0.252642584831737,0.253940097056006,0.253940097056006,-0.106192921736486,-0.358835506568222,0.165093959631501,0.330730208328861,0.5098,1.16143868032176,-0.771343096671587,1.24439858605903,2.01574168273062
42942,0.933333333333333,0.333333333333333,1,0.666666666666667,0.917241666669647,0.614520833336314,0.917241666669647,0.917241666669647,0.944849999964248,0.302720833333333,0.21665,-0.0949368433893579,0.491719295716354,0.270961307506917,0.270961307506917,-0.0949368433893579,-0.586656139105712,0.111196441400822,0.614520833336314,0.78335,1.01754354086651,0.00536913530253758,1.09022522235698,1.08485608705444
43006,0.791666666666667,0.989583333333333,0.989583333333333,0,0.524295631578609,0.442303756578609,0.524295631578609,0.5226825520834,0.436034999991534,0.081991875,0.0660875,-0.307233436429669,0.832651143216817,0.179110681737905,0.179110681737905,-0.307233436429669,-1.13988457964649,0.0337480509777044,0.4406906770834,0.923495833333333,1.50996235517551,1.88745294396939,1.88745294396939,0
43182,0.908333333333333,0.458333333333333,1,0.541666666666667,0.566139583330615,0.283172916663948,0.566139583330615,0.566139583330615,0.535900000035781,0.282966666666667,0.2835,-0.260792807790083,0.29943612548488,0.192967721188728,0.192967721188728,-0.260792807790083,-0.560228933274963,0.107682705185623,0.283172916663948,0.7165,1.60443353561251,-0.146498868723023,1.76634884654589,1.91284771526891
43332,0.8,1,1,0,0.383483333334639,0.302983333334639,0.383483333334639,0.383483333334639,0.380899999991073,0.0805,0.06595,-0.419727809948789,0.732738712825167,0.140686774967093,0.140686774967093,-0.419727809948789,-1.15246652277396,0.0331119416740532,0.302983333334639,0.93405,2.08614020599924,2.60767525749905,2.60767525749905,0
43669,0.891666666666667,0.541666666666667,1,0.458333333333333,0.422919583333169,0.248542291666502,0.422919583333169,0.422919583333169,0.408207500000572,0.174377291666667,0.1662325,-0.380801805429233,0.399001432884301,0.152486943721087,0.152486943721087,-0.380801805429233,-0.779803238313535,0.0693910117559624,0.248542291666502,0.8337675,2.10835984382456,0.52042982188419,2.36451571270044,1.84408589081625
43799,0.883333333333333,0.583333333333333,1,0.416666666666667,0.409645833333336,0.286345833333336,0.409645833333336,0.409645833333336,0.384800000011921,0.1233,0.11625,-0.399363866365742,0.552766897772951,0.147855565154516,0.147855565154516,-0.399363866365742,-0.952130764138693,0.0499934851106104,0.286345833333336,0.88375,2.15633423180592,0.986016173966071,2.44113309261047,1.4551169186444
44151,0.925,0.375,1,0.625,0.729409010416645,0.447016510416645,0.729409010416645,0.729409010416645,0.587564999999785,0.2823925,0.23335,-0.209986295533673,0.38591821542376,0.222784094517136,0.222784094517136,-0.209986295533673,-0.595904510957434,0.105668034578939,0.447016510416645,0.76665,1.26814994987741,-0.0271857295764291,1.37097291878639,1.39815864836282
44323,0.925,0.375,1,0.625,0.820217708332468,0.589580208332468,0.820217708332468,0.820217708332468,0.812999999999988,0.2306375,0.206,-0.127369655032092,0.593303359198122,0.252381475090703,0.252381475090703,-0.127369655032092,-0.720673014230214,0.0875961022788259,0.589580208332468,0.794,1.12774936532468,0.159112212895131,1.2191885030537,1.06007629015857
44526,0.933333333333333,0.333333333333333,1,0.666666666666667,0.940720833333363,0.43280000000003,0.940720833333363,0.940720833333363,0.900499999999965,0.507920833333333,0.508,-0.0494824252352229,0.255565840054702,0.282695816123524,0.282695816123524,-0.0494824252352229,-0.305048265289924,0.177251936381554,0.43280000000003,0.492,0.992146979488216,-0.477342742027858,1.06301462088023,1.54035736290809
44713,0.9,0.5,1,0.5,0.639809374998026,0.351151041664692,0.639809374998026,0.639809374998026,0.605250000029855,0.288658333333333,0.2834,-0.215672912592786,0.330351070307463,0.211507923277286,0.211507923277286,-0.215672912592786,-0.546023982900249,0.109815361596097,0.351151041664692,0.7166,1.40666897855752,0.139076832355909,1.56296553173058,1.42388869937467
45158,0.85,0.697916666666667,0.989583333333333,0.291666666666667,0.333396210519009,0.233913502185675,0.333396210519009,0.332641614576763,0.325807499990333,0.0994827083333333,0.0675925,-0.482937608881932,0.569356495149163,0.12456387153568,0.12456387153568,-0.482937608881932,-1.05229410403109,0.0407025233760418,0.23315890624343,0.921990833333333,2.54951908024622,1.71725497578868,2.96819010567882,1.25093512989014
45722,0.875,0.625,1,0.375,0.360835416664059,0.226927083330726,0.360835416664059,0.360835416664059,0.332650000005955,0.133908333333333,0.11665,-0.455532559906071,0.46338843463233,0.132780589082084,0.132780589082084,-0.455532559906071,-0.918920994538401,0.0539691205025476,0.226927083330726,0.88335,2.42492826255642,1.11883338860578,2.77134658577877,1.65251319717299
46540,1,0,1,1,2.42371979166569,1.59526979166569,2.42371979166569,2.42371979166569,2.21644999998807,0.82845,0.8302,0.350382693771153,0.478051552761558,0.517571505974568,0.517571505974568,0.350382693771153,-0.127668858990404,0.254049470224986,1.59526979166569,0.1698,0.412588948375404,-0.214264268067601,0.412588948375404,0.626853216443005
46547,0.9,0.5,1,0.5,0.469757291668406,0.260340625001739,0.469757291668406,0.469757291668406,0.414799999982115,0.209416666666667,0.20825,-0.34604022117826,0.348435520838778,0.164936725769016,0.164936725769016,-0.34604022117826,-0.694475742017038,0.0821550405945236,0.260340625001739,0.79175,1.91588298034402,0.208198063307043,2.12875886704891,1.92056080374187
46720,0.883333333333333,0.53125,0.989583333333333,0.458333333333333,0.657171578947364,0.280488245614031,0.657171578947364,0.652870833333329,0.529700000000005,0.376683333333333,0.40005,-0.235866671678544,0.202974443047524,0.208735153117573,0.208735153117573,-0.235866671678544,-0.438841114726068,0.137827714513034,0.276187499999995,0.589533333333333,1.34414414991626,-0.15367877510888,1.50582186606185,1.65950064117073
47034,0.883333333333333,0.53125,0.989583333333333,0.458333333333333,0.417730526316168,0.229647192982834,0.417730526316168,0.416462500000374,0.397900000005976,0.188083333333333,0.18345,-0.384304507082833,0.358544286102738,0.15111318027469,0.15111318027469,-0.384304507082833,-0.742848793185571,0.0744347850456553,0.228379166667041,0.806133333333333,2.11460086750942,0.36205501765756,2.36895144355418,2.00689642589662
47403,0.916666666666667,0.416666666666667,1,0.583333333333333,0.689602083333401,0.261660416666735,0.689602083333401,0.689602083333401,0.663150000000371,0.427941666666667,0.43335,-0.168908376368209,0.207576367340362,0.226472932001941,0.226472932001941,-0.168908376368209,-0.376484743708571,0.154051076244784,0.261660416666735,0.56665,1.32926899268587,-0.779240983540281,1.45011162838458,2.22935261192487
47648,0.825,0.875,1,0.125,0.434141822908714,0.345185989575381,0.434141822908714,0.434141822908714,0.379140000033658,0.0889558333333333,0.0664375,-0.392452247102202,0.713080200230529,0.152628394200109,0.152628394200109,-0.392452247102202,-1.10553244733273,0.0365087788931597,0.345185989575381,0.9335625,1.90030067702892,1.94127114037783,2.30339476003506,0.362123619657231
47824,0.866666666666667,0.614583333333333,0.989583333333333,0.375,0.462160000000026,0.314422500000026,0.462160000000026,0.461336458333364,0.392700000000161,0.1477375,0.15825,-0.368021705928074,0.530306430338178,0.160943355633956,0.160943355633956,-0.368021705928074,-0.898328136266252,0.0589149814533863,0.313598958333364,0.831333333333333,1.87525243782806,0.945418932750122,2.14121372107772,1.1957947883276
48075,0.858333333333333,0.65625,0.989583333333333,0.333333333333333,0.424074894737599,0.321832603070933,0.424074894737599,0.423243645834191,0.429359999994631,0.102242291666667,0.100415,-0.376889866365419,0.657896139487973,0.153154610137535,0.153154610137535,-0.376889866365419,-1.03478600585339,0.0418323725524828,0.321001354167524,0.889168333333333,2.02401355039995,1.29509354954586,2.33351076805819,1.03841721851233
48855,0.9,0.5,1,0.5,0.433402083331721,0.236281249998388,0.433402083331721,0.433402083331721,0.419649999991066,0.197120833333333,0.2002,-0.371185152078623,0.344133944422801,0.15558309167713,0.15558309167713,-0.371185152078623,-0.715319096501424,0.0778823355783608,0.236281249998388,0.7998,2.07659361736651,0.191204035446505,2.30732624151834,2.11612220607184
48948,0.808333333333333,0.90625,0.989583333333333,0.0833333333333333,0.436142105262762,0.350712938596095,0.436142105262762,0.434458333332941,0.391250000000014,0.0854291666666667,0.06645,-0.385994682833649,0.73820171804853,0.154172676216808,0.154172676216808,-0.385994682833649,-1.12419640088218,0.0350969005335374,0.349029166666274,0.923133333333333,1.85337146672949,2.03018952162896,2.26894702756832,0.238757505939361
49680,0.958333333333333,0,0.958333333333333,0.958333333333333,1.85932885869711,1.05323844203045,1.85932885869711,1.85932885869711,1.63370000000486,0.806090416666667,0.840825,0.244667840057276,0.378753506810928,0.445196852028571,0.445196852028571,0.244667840057276,-0.134085666753652,0.249932205512448,1.05323844203045,0.117508333333333,0.515418952839179,-0.394473142901121,0.515418952839179,0.909892095740301
50041,0.9,0.447916666666667,0.989583333333333,0.541666666666667,0.571418947367923,0.20694811403459,0.571418947367923,0.569817708332872,0.484949999999245,0.364470833333333,0.3669,-0.265055754451227,0.187900005506512,0.193197899842544,0.193197899842544,-0.265055754451227,-0.452955759957739,0.133975905867062,0.205346874999539,0.622683333333333,1.57502652676393,-0.906013049585976,1.73180000049274,2.63781305007872
50170,0.933333333333333,0.333333333333333,1,0.666666666666667,0.75683333333333,0.36295833333333,0.75683333333333,0.75683333333333,0.781499999999994,0.393875,0.3335,-0.136657801742589,0.312030115253711,0.242029433136614,0.242029433136614,-0.136657801742589,-0.4486879169963,0.140963386306721,0.36295833333333,0.6665,1.23320854437349,-0.51546325294324,1.3212948689716,1.83675812191484
50707,0.941666666666667,0.291666666666667,1,0.708333333333333,1.15861458333316,0.67636458333316,1.15861458333316,1.15861458333316,0.986700000000212,0.48225,0.52715,0.00337157054143939,0.347252386057609,0.31732021572807,0.31732021572807,0.00337157054143939,-0.34388081551617,0.168443659766709,0.67636458333316,0.47285,0.812752299351898,-0.184165771901882,0.863099786922369,1.04726555882425
50955,0.833333333333333,0.78125,0.989583333333333,0.208333333333333,0.421380894736921,0.330092353070254,0.421380894736921,0.419516250000076,0.390060000000602,0.0912885416666667,0.0663125,-0.387079263874743,0.70153840573194,0.151560062857756,0.151560062857756,-0.387079263874743,-1.08861766960668,0.0374628897210871,0.328227708333409,0.923270833333333,1.97762486088413,1.71370756542687,2.3484295222999,0.634721956873035
51305,0.933333333333333,0.333333333333333,1,0.666666666666667,0.858792708332338,0.384034374999005,0.858792708332338,0.858792708332338,0.819699999988046,0.474758333333333,0.50815,-0.0936416289471048,0.256164077071098,0.263282370212292,0.263282370212292,-0.0936416289471048,-0.349805706018202,0.166243646352311,0.384034374999005,0.49185,1.08679699335797,-0.571530361408015,1.1644253500264,1.73595571143441
51600,0.883333333333333,0.53125,0.989583333333333,0.458333333333333,0.399509473684195,0.232068640350862,0.399509473684195,0.398467968750386,0.379507499979809,0.167440833333333,0.1662825,-0.408393652945519,0.383666140434435,0.144981855973758,0.144981855973758,-0.408393652945519,-0.792059793379953,0.0669304956956389,0.231027135417053,0.823300833333333,2.21104477244911,0.49310197511172,2.47699591253143,1.98389393741971
51716,0.883333333333333,0.583333333333333,1,0.416666666666667,0.480272916666684,0.366410416666684,0.480272916666684,0.480272916666684,0.434799999999797,0.1138625,0.10015,-0.334874539108644,0.673175739319431,0.168295845598538,0.168295845598538,-0.334874539108644,-1.00805027842808,0.0461348316084888,0.366410416666684,0.89985,1.83923203386957,0.944991117318498,2.08214947230517,1.13715835498667
51895,0.908333333333333,0.458333333333333,1,0.541666666666667,0.948260416664122,0.587181249997455,0.948260416664122,0.948260416664122,0.807499999970787,0.361079166666667,0.3756,-0.0790917686286481,0.383243919943497,0.272245339826652,0.272245339826652,-0.0790917686286481,-0.462335688572145,0.132646607278909,0.587181249997455,0.6244,0.957894389949074,0.132076317636267,1.05456263113659,0.922486313500328
52712,0.908333333333333,0.458333333333333,1,0.541666666666667,0.802485416666913,0.317322916666913,0.802485416666913,0.802485416666913,0.569799999982109,0.4851625,0.51625,-0.18784788065471,0.144007904570252,0.237237959316173,0.237237959316173,-0.18784788065471,-0.331855785224963,0.17018622268008,0.317322916666913,0.48375,1.13190011241083,-0.460860241969293,1.24612856412202,1.70698880609131
53670,0.95,0.25,1,0.75,1.51600119791653,1.04923265624987,1.51600119791653,1.51600119791653,1.16887250000042,0.466768541666667,0.426225,0.0946609377455064,0.477466265528376,0.370627027340289,0.370627027340289,0.0946609377455064,-0.38280532778287,0.161533340594206,1.04923265624987,0.573775,0.626648581350464,-0.0551780129650781,0.659630085632067,0.714808098597145
54209,0.8,1,1,0,0.349961458342771,0.273494791676104,0.349961458342771,0.349961458342771,0.345899999976169,0.0764666666666667,0.05045,-0.457596221120983,0.721881012968977,0.13021209580759,0.13021209580759,-0.457596221120983,-1.17947723408996,0.0314832257989006,0.273494791676104,0.94955,2.285966014053,2.85745751756625,2.85745751756625,0
54389,0.933333333333333,0.333333333333333,1,0.666666666666667,0.888362500002608,0.448058333335941,0.888362500002608,0.888362500002608,0.916500000000013,0.440304166666667,0.454,-0.0786316943260051,0.303181533990869,0.270497491732824,0.270497491732824,-0.0786316943260051,-0.381813228316874,0.156370443627517,0.448058333335941,0.546,1.05062216531044,-0.362234895222225,1.12566660568975,1.48790150091198
54910,0.908333333333333,0.458333333333333,1,0.541666666666667,2.01209791666693,1.63513541666693,2.01209791666693,2.01209791666693,0.764700000002904,0.3769625,0.40035,0.0450726607683213,0.504876526239071,0.368101484722315,0.368101484722315,0.0450726607683213,-0.45980386547075,0.136733535721359,1.63513541666693,0.59965,0.451435949418407,0.165726545187288,0.496993705781733,0.331267160594444
55091,0.95,0.25,1,0.75,1.007359375,0.530280000000001,1.007359375,1.007359375,1.02666750000003,0.477079375,0.4252275,-0.034086824451861,0.317636030876616,0.29424158801397,0.29424158801397,-0.034086824451861,-0.351722855328477,0.166425950721504,0.530280000000001,0.5747725,0.943059670239331,-0.421652747635779,0.992694389725612,1.41434713736139
56054,0.858333333333333,0.708333333333333,1,0.291666666666667,0.87353380209485,0.763857343761517,0.87353380209485,0.87353380209485,0.432857499981765,0.109676458333333,0.08343,-0.272200515339284,0.753889782210939,0.202686750348557,0.202686750348557,-0.272200515339284,-1.02609029755022,0.0444787841388699,0.763857343761517,0.91657,0.982598877427452,0.76294144135867,1.14477539117761,0.381833949818944
56438,0.941666666666667,0.291666666666667,1,0.708333333333333,1.17767807291673,0.68483994791673,1.17767807291673,1.17767807291673,1.19832750000023,0.492838125,0.541645,0.0493617296512502,0.412133902996414,0.332552885574114,0.332552885574114,0.0493617296512502,-0.362772173345164,0.169092415548899,0.68483994791673,0.458355,0.799595991742006,-0.185176441649614,0.84912848680567,1.03430492845528
56904,0.95,0.25,1,0.75,1.05136067708334,0.417493593750004,1.05136067708334,1.05136067708334,1.03318000000002,0.633867083333333,0.6832475,0.00785358011860505,0.224450177158617,0.308466550055857,0.308466550055857,0.00785358011860505,-0.216596597040012,0.210853442129559,0.417493593750004,0.3167525,0.903590956659583,-0.845286375251767,0.95114837543114,1.79643475068291
57315,0.908333333333333,0.40625,0.989583333333333,0.583333333333333,0.687565263158099,0.345348596491432,0.687565263158099,0.683398958333473,0.621749999996211,0.342216666666667,0.3582,-0.192154196762136,0.287769756332046,0.222538847952234,0.222538847952234,-0.192154196762136,-0.479923953094182,0.126941498946437,0.341182291666807,0.631383333333333,1.32108671278885,-0.270483630470503,1.43925731324473,1.70974094371524
57521,0.908333333333333,0.458333333333333,1,0.541666666666667,0.662295833331224,0.321429166664557,0.662295833331224,0.662295833331224,0.624349999964124,0.340866666666667,0.3663,-0.196496725688179,0.281030721245288,0.217802830545045,0.217802830545045,-0.196496725688179,-0.477527446933468,0.126764640399515,0.321429166664557,0.6337,1.37149184340265,-0.175282787348188,1.50989927714053,1.68518206448872
58290,0.9,0.5,1,0.5,0.52766770833481,0.30410520833481,0.52766770833481,0.52766770833481,0.487150000005954,0.2235625,0.21655,-0.30131436589616,0.412158158249349,0.181195825556399,0.181195825556399,-0.30131436589616,-0.713472524145509,0.085903469511203,0.30410520833481,0.78345,1.7056188691936,0.250964248458682,1.89513207688178,1.6441678284231
59145,0.891666666666667,0.489583333333333,0.989583333333333,0.5,0.451242105283238,0.238467105283238,0.451242105283238,0.452589583357178,0.444049999952327,0.212775,0.21595,-0.352134581228585,0.327147629375542,0.161101632618018,0.161101632618018,-0.352134581228585,-0.679282210604127,0.0835627819697054,0.239814583357178,0.773633333333333,1.97602718413651,0.108076726286903,2.19302082351599,2.08494409722908
59464,0.888541666666667,0.55078125,0.998697916666667,0.447916666666667,0.603348109517666,0.359643942850999,0.603348109517666,0.602917447916724,0.495950000003489,0.243704166666667,0.2164,-0.265098212839579,0.440774984356164,0.196449023876404,0.196449023876404,-0.265098212839579,-0.705873197195743,0.0916247624201494,0.359213281250057,0.782297916666667,1.47268492707633,0.408321941874454,1.65525987553861,1.24693793366415
60182,0.866666666666667,0.614583333333333,0.989583333333333,0.375,0.428897842109252,0.295015550442586,0.428897842109252,0.427565833337818,0.408052500046324,0.133882291666667,0.133545,-0.378014468828795,0.548219466903723,0.153938294967419,0.153938294967419,-0.378014468828795,-0.926233935732518,0.0539690388372223,0.293683541671152,0.856038333333333,2.02068320606263,1.03038585920305,2.3072704876917,1.27688462848865
60777,0.916666666666667,0.416666666666667,1,0.583333333333333,1.01131145832936,0.59891145832936,1.01131145832936,1.01131145832936,0.729599999904636,0.4124,0.4165,-0.120028216194523,0.273676082574765,0.264587482658105,0.264587482658105,-0.120028216194523,-0.393704298769288,0.149230023469127,0.59891145832936,0.5835,0.906413804685807,0.0148257909254031,0.988815059657244,0.97398926873184
61063,0.9,0.5,1,0.5,0.482731249998944,0.254672916665611,0.482731249998944,0.482731249998944,0.461899999991033,0.228058333333333,0.2164,-0.324212781507929,0.328399219832902,0.170141066974748,0.170141066974748,-0.324212781507929,-0.652612001340831,0.0888847188497778,0.254672916665611,0.7836,1.86439141862469,0.108243418491967,2.0715460206941,1.96330260220213
61395,0.933333333333333,0.333333333333333,1,0.666666666666667,0.872600104162605,0.402456354162605,0.872600104162605,0.872600104162605,0.839777500135824,0.47014375,0.5088275,-0.0718290461989173,0.271283730605191,0.269713307917805,0.269713307917805,-0.0718290461989173,-0.343112776804108,0.166030340272191,0.402456354162605,0.4911725,1.06960030016156,-0.510494003239603,1.14600032160167,1.65649432484128
61643,0.95,0.25,1,0.75,1.03141354166654,0.588601041666541,1.03141354166654,1.03141354166654,1.08205000000072,0.4428125,0.44135,-0.00825644319240817,0.415317633700547,0.303223485420885,0.303223485420885,-0.00825644319240817,-0.423574076892955,0.15387895983013,0.588601041666541,0.55865,0.921066053161378,-0.304664520941086,0.969543213854082,1.27420773479517
62415,0.933333333333333,0.333333333333333,1,0.666666666666667,0.688140624999645,0.247957291666312,0.688140624999645,0.688140624999645,0.640600000001427,0.440183333333333,0.4341,-0.179682648755303,0.194302035874499,0.22464637300012,0.22464637300012,-0.179682648755303,-0.373984684629803,0.15694226431182,0.247957291666312,0.5659,1.35631192146782,-1.23544371117418,1.4531913444298,2.68863505560398
62705,0.891666666666667,0.541666666666667,1,0.458333333333333,0.383903802083902,0.258026510417236,0.383903802083902,0.383903802083902,0.374105000053532,0.125877291666667,0.1160475,-0.420587462664575,0.514888305479417,0.140686006707992,0.140686006707992,-0.420587462664575,-0.935475768143992,0.0510849386808352,0.258026510417236,0.8839525,2.32263046582642,0.82851594737296,2.60481921401094,1.77630326663798
63424,0.908333333333333,0.40625,0.989583333333333,0.583333333333333,0.607797842110066,0.332908467110066,0.607797842110066,0.603789791670958,0.57997250003973,0.274889375,0.2568175,-0.245714097927754,0.333459579762432,0.202201739102689,0.202201739102689,-0.245714097927754,-0.579173677690186,0.104558012660517,0.328900416670958,0.732765833333333,1.49446620307159,-0.145440963819519,1.62814551940138,1.7735864832209
63525,0.933333333333333,0.333333333333333,1,0.666666666666667,1.02277083333581,0.539237500002477,1.02277083333581,1.02277083333581,0.942949999928487,0.483533333333333,0.508,-0.0160702539515191,0.334126999879541,0.299496272688583,0.299496272688583,-0.0160702539515191,-0.35019725383106,0.168332818399652,0.539237500002477,0.492,0.912553724561373,-0.258577488393731,0.977736133458614,1.23631362185235
63685,0.933333333333333,0.333333333333333,1,0.666666666666667,0.770903124994287,0.44634895832762,0.770903124994287,0.770903124994287,0.70885000002383,0.324554166666667,0.3002,-0.151176250477588,0.362299173947022,0.241098423386312,0.241098423386312,-0.151176250477588,-0.51347542442461,0.120523805099563,0.44634895832762,0.6998,1.21070119327931,-0.196419842022061,1.29717984994212,1.49359969196418
64203,0.925,0.375,1,0.625,0.71702395833035,0.37103645833035,0.71702395833035,0.71702395833035,0.678200000047667,0.3459875,0.3409,-0.166734015466275,0.330089414451971,0.23091511706908,0.23091511706908,-0.166734015466275,-0.496823429918246,0.12687070182473,0.37103645833035,0.6591,1.2900545222421,-0.289817047386926,1.39465353755903,1.68447058494595
64263,0.883333333333333,0.53125,0.989583333333333,0.458333333333333,0.531688684190771,0.328454934190771,0.531688684190771,0.529853229149012,0.489632499869913,0.20323375,0.215565,-0.291907988452976,0.413877566916766,0.182823095225386,0.182823095225386,-0.291907988452976,-0.705785555369742,0.0800003495694692,0.326619479149012,0.774018333333333,1.66137320503212,0.457944261411752,1.86120818959967,1.40326392818792
64310,0.908333333333333,0.458333333333333,1,0.541666666666667,0.578152083331759,0.292635416665092,0.578152083331759,0.578152083331759,0.448099999994156,0.285516666666667,0.2291,-0.293428357777106,0.405303033232603,0.189781556268439,0.189781556268439,-0.293428357777106,-0.698731391009709,0.103375019472675,0.292635416665092,0.7709,1.5710975702082,-0.121346208627319,1.72964870114664,1.85099490977396
64405,0.916666666666667,0.416666666666667,1,0.583333333333333,1.26044270833334,0.95605520833334,1.26044270833334,1.26044270833334,1.05229999995228,0.3043875,0.3002,0.0594522738033444,0.589043635908975,0.341112631782662,0.341112631782662,0.0594522738033444,-0.529591362105631,0.114719390001008,0.95605520833334,0.6998,0.72725770128716,0.183225962260059,0.793372037767811,0.610146075507752
65348,0.941666666666667,0.291666666666667,1,0.708333333333333,1.07648046875814,0.615953385424806,1.07648046875814,1.07648046875814,0.798530000029132,0.460527083333333,0.450655,-0.0491541438554651,0.302160525618196,0.294970695435488,0.294970695435488,-0.0491541438554651,-0.351314669473661,0.16315261649228,0.615953385424806,0.549345,0.874764284161144,-0.2210255751327,0.928953222118029,1.14997879725073
66088,0.933333333333333,0.333333333333333,1,0.666666666666667,0.732038541664679,0.352196874998012,0.732038541664679,0.732038541664679,0.700299999982121,0.379841666666667,0.3835,-0.154558135517156,0.285155348226072,0.235195537864602,0.235195537864602,-0.154558135517156,-0.439713483743228,0.138424100893048,0.352196874998012,0.6165,1.27497840647967,-0.526832405590261,1.36604829265679,1.89288069824705
66400,0.991666666666667,0.0416666666666666,1,0.958333333333333,1.70275833333532,0.924262500001986,1.70275833333532,1.70275833333532,1.60455000001191,0.778495833333333,0.7412,0.215328232502931,0.362807810155915,0.425712379761082,0.425712379761082,0.215328232502931,-0.147479577652984,0.243510914994173,0.924262500001986,0.2588,0.58238837963824,-0.449580324246029,0.5872823996352,1.03686272388123
66857,0.891666666666667,0.541666666666667,1,0.458333333333333,0.53260208334774,0.34685208334774,0.53260208334774,0.53260208334774,0.511700000047668,0.18575,0.18325,-0.291912005062628,0.460954511803862,0.183068661113787,0.183068661113787,-0.291912005062628,-0.752866516866491,0.0735390868383335,0.34685208334774,0.81675,1.67417044458779,0.556165708843095,1.87757433037883,1.32140862153573
67504,0.916666666666667,0.416666666666667,1,0.583333333333333,0.631515624999883,0.368103124999883,0.631515624999883,0.631515624999883,0.609900000000351,0.2634125,0.25015,-0.224781844582642,0.382891424867734,0.208783323338871,0.208783323338871,-0.224781844582642,-0.607673269450376,0.100360394114073,0.368103124999883,0.74985,1.45153442033495,-0.00120875035776424,1.58349209491085,1.58470084526861
68081,0.925,0.375,1,0.625,0.809239947917376,0.477348072917376,0.809239947917376,0.809239947917376,0.746562500018626,0.331891875,0.341165,-0.129326529776881,0.422568642646069,0.250242406662267,0.250242406662267,-0.129326529776881,-0.551895172422949,0.12081803527734,0.477348072917376,0.658835,1.14304787150034,-0.073589682825282,1.23572742864901,1.30931711147429
68315,0.95,0.25,1,0.75,1.31907708333433,0.757564583334328,1.31907708333433,1.31907708333433,1.10884999996421,0.5615125,0.53325,0.0781266292667817,0.375825019777141,0.350543403598746,0.350543403598746,0.0781266292667817,-0.29769839051036,0.188304221616237,0.757564583334328,0.46675,0.720200518986059,-0.231908793255081,0.75810580945901,0.99001460271409
68548,0.875,0.572916666666667,0.989583333333333,0.416666666666667,0.652357894736844,0.497524561403511,0.652357894736844,0.648312500000002,0.538000000000011,0.154833333333333,0.15,-0.233613939209672,0.631555107132947,0.210051005957285,0.210051005957285,-0.233613939209672,-0.865169046342619,0.0616692874969018,0.493479166666669,0.839583333333333,1.34128828218285,0.672588176911482,1.51693317627822,0.844344999366738
69310,0.875,0.625,1,0.375,0.392986458332587,0.284528124999254,0.392986458332587,0.392986458332587,0.384699999988072,0.108458333333333,0.10065,-0.408808040701309,0.605111884471513,0.143681323889345,0.143681323889345,-0.408808040701309,-1.01391992517282,0.0442317380401876,0.284528124999254,0.89935,2.2265398245847,1.22664530073554,2.54461694238251,1.31797164164697
69511,0.783333333333333,0.71875,0.927083333333333,0.208333333333333,0.384107865168557,0.27959119850189,0.384107865168557,0.376933333333358,0.36585000000008,0.104516666666667,0.0664,-0.426263153212346,0.60888795028078,0.140238280690074,0.140238280690074,-0.426263153212346,-1.03515110349313,0.0426288925100636,0.272416666666692,0.860683333333333,2.03935770226831,1.64884167052706,2.41360153592925,0.764759865402193
69626,0.916666666666667,0.416666666666667,1,0.583333333333333,0.559953125000931,0.243494791667597,0.559953125000931,0.559953125000931,0.533249999999953,0.316458333333333,0.31655,-0.269867467396138,0.242550379885343,0.19079098062599,0.19079098062599,-0.269867467396138,-0.512417847281481,0.118761327803903,0.243494791667597,0.68345,1.63704179106982,-0.609806908755727,1.78586377207617,2.3956706808319
69703,0.916666666666667,0.364583333333333,0.989583333333333,0.625,0.751529473682452,0.250075307015785,0.751529473682452,0.756185416664926,0.679550000011915,0.501454166666667,0.5002,-0.168030448379226,0.141311731166373,0.233845739101665,0.233845739101665,-0.168030448379226,-0.309342179545599,0.17556521283193,0.25473124999826,0.489383333333333,1.21973481914828,-1.13680707881123,1.31675917976235,2.45356625857357
69714,0.841666666666667,0.6875,0.979166666666667,0.291666666666667,0.410131914893759,0.296940248227093,0.410131914893759,0.406941666666806,0.396850000001507,0.113191666666667,0.1161,-0.399182601441731,0.585284306803558,0.147946248053845,0.147946248053845,-0.399182601441731,-0.984466908245289,0.0461654850910852,0.293750000000139,0.863066666666667,2.0521852508959,1.39453543601043,2.3874432374284,0.992907801417969
69720,0.95,0.25,1,0.75,0.79583854166604,0.32617604166604,0.79583854166604,0.79583854166604,0.754050000011944,0.4696625,0.4666,-0.122272655615977,0.236097760943007,0.249783836399598,0.249783836399598,-0.122272655615977,-0.358370416558984,0.164411362268073,0.32617604166604,0.5334,1.19370946525313,-1.04283554518246,1.25653627921382,2.29937182439628
70104,0.916666666666667,0.416666666666667,1,0.583333333333333,0.558957291666732,0.190694791666732,0.558957291666732,0.558957291666732,0.560699999995535,0.3682625,0.36665,-0.259304383919464,0.177977530678846,0.192018068314625,0.192018068314625,-0.259304383919464,-0.43728191459831,0.135934320698657,0.190694791666732,0.63335,1.63995833014951,-1.26994388070147,1.78904545107219,3.05898933177366
70172,0.9,0.5,1,0.5,0.611508072916673,0.32331973958334,0.611508072916673,0.611508072916673,0.597415000000183,0.288188333333333,0.266475,-0.233362158041907,0.323877103578101,0.204342517273544,0.204342517273544,-0.233362158041907,-0.557239261620008,0.109165517391916,0.32331973958334,0.733525,1.47177124859092,0.0888446177973674,1.63530138732325,1.54645676952588
70531,0.958333333333333,0.208333333333333,1,0.791666666666667,1.12950625,0.572660416666668,1.12950625,1.12950625,1.08685000000008,0.556845833333333,0.53315,0.0282229240957402,0.333640991420327,0.321925601811627,0.321925601811627,0.0282229240957402,-0.305418067324587,0.186857617468138,0.572660416666668,0.46685,0.848453324922578,-0.497093908046166,0.885342599919211,1.38243650796538
70661,0.891666666666667,0.541666666666667,1,0.458333333333333,0.487588541666667,0.280355208333334,0.487588541666667,0.487588541666667,0.474100000001499,0.207233333333333,0.21865,-0.324297641177758,0.40519160034538,0.171174499496177,0.171174499496177,-0.324297641177758,-0.729489241523137,0.0808484163889051,0.280355208333334,0.78135,1.8287276883472,0.416078743436483,2.0509095570249,1.63483081358841
70695,0.933333333333333,0.333333333333333,1,0.666666666666667,0.870775624999688,0.446216666666354,0.870775624999688,0.870775624999688,0.829412499999421,0.424558958333333,0.42532,-0.073197693613917,0.338947188697999,0.26918121004537,0.26918121004537,-0.073197693613917,-0.412144882311915,0.150531710556939,0.446216666666354,0.57468,1.07184136365056,-0.345641044456157,1.14840146105417,1.49404250551033
71259,0.916666666666667,0.416666666666667,1,0.583333333333333,0.675326041666295,0.229038541666295,0.675326041666295,0.675326041666295,0.667199999995546,0.4462875,0.46605,-0.185635258075588,0.181112536808308,0.221623652757362,0.221623652757362,-0.185635258075588,-0.366747794883896,0.158825801739633,0.229038541666295,0.53395,1.35736904859302,-1.06611224723581,1.48076623482874,2.54687848206455
72547,0.775,0.96875,0.96875,0,0.332851612902777,0.244343279569444,0.332851612902777,0.329955208332744,0.323199999995495,0.0885083333333333,0.06675,-0.486417122564536,0.613205452647143,0.124137409106253,0.124137409106253,-0.486417122564536,-1.09962257521168,0.0363695626510401,0.24144687499941,0.902,2.32836486277256,2.9104560784657,2.9104560784657,0
72608,0.883333333333333,0.583333333333333,1,0.416666666666667,0.415647916666395,0.302297916666395,0.415647916666395,0.415647916666395,0.391900000005933,0.11335,0.103,-0.387808586262911,0.598211555722562,0.150342589103803,0.150342589103803,-0.387808586262911,-0.986020141985472,0.0462179494204297,0.302297916666395,0.897,2.12519610447683,1.027551128075,2.4058823824266,1.37833125435159
72828,0.941666666666667,0.291666666666667,1,0.708333333333333,0.74851041665425,0.264089583320917,0.74851041665425,0.74851041665425,0.773949999928448,0.484420833333333,0.4407,-0.149450821288214,0.211470748308986,0.238670022565014,0.238670022565014,-0.149450821288214,-0.3609215695972,0.166989431733994,0.264089583320917,0.5593,1.25805419098348,-1.34618391358089,1.33598675148688,2.68217066506777
72903,1,0,1,1,2.34458588542839,1.50948046876172,2.34458588542839,2.34458588542839,2.2852150000399,0.835105416666667,0.839525,0.362927812623017,0.486339551363393,0.520782961300241,0.520782961300241,0.362927812623017,-0.123411738740375,0.255663943774353,1.50948046876172,0.160475,0.426514552618868,-0.235965036017569,0.426514552618868,0.662479588636437
73135,0.958333333333333,0.208333333333333,1,0.791666666666667,1.26876979166566,0.699969791665664,1.26876979166566,1.26876979166566,1.21250000000009,0.5688,0.59085,0.0799918123474636,0.370606486514928,0.34843256902158,0.34843256902158,0.0799918123474636,-0.290614674167465,0.190537127867664,0.699969791665664,0.40915,0.755324834834865,-0.342836143995952,0.788165045045076,1.13100118904103
73286,0.916666666666667,0.416666666666667,1,0.583333333333333,0.694899062500003,0.370821770833336,0.694899062500003,0.694899062500003,0.669104999999945,0.324077291666667,0.3327675,-0.17548551105986,0.329176961216615,0.226168322677677,0.226168322677677,-0.17548551105986,-0.504662472276476,0.121076393384697,0.370821770833336,0.6672325,1.31913642733784,-0.134024835499807,1.43905792073219,1.57308275623199
73527,0.941666666666667,0.291666666666667,1,0.708333333333333,0.835080208330121,0.370534374996788,0.835080208330121,0.835080208330121,0.81614999997646,0.464545833333333,0.4332,-0.106635013870783,0.243638978313545,0.257932653029748,0.257932653029748,-0.106635013870783,-0.350273992184328,0.163985048537769,0.370534374996788,0.5668,1.12763619263553,-0.714163733862069,1.19748976209083,1.9116534959529
73639,0.9,0.5,1,0.5,0.64750520832091,0.468421874987577,0.64750520832091,0.64750520832091,0.627249999880803,0.179083333333333,0.1834,-0.211300533334267,0.572120448890312,0.213370791181044,0.213370791181044,-0.211300533334267,-0.783420982224579,0.0708575170575906,0.468421874987577,0.8166,1.38995020956488,0.476975265344323,1.54438912173875,1.06741385639443
74024,0.791666666666667,0.989583333333333,0.989583333333333,0,0.333710526316267,0.2585063596496,0.333710526316267,0.332398958333774,0.329700000003072,0.0752041666666667,0.0545,-0.482806039455774,0.698861995593376,0.124632402121638,0.124632402121638,-0.482806039455774,-1.18166803504915,0.0310228868703112,0.257194791667107,0.935083333333333,2.37231553767765,2.96539442209706,2.96539442209706,0
74090,0.975,0.125,1,0.875,1.48896145833422,0.858144791667557,1.48896145833422,1.48896145833422,1.41620000000296,0.630816666666667,0.64135,0.13172462721972,0.379938597986655,0.382688928800478,0.382688928800478,0.13172462721972,-0.248213970766935,0.206161209538343,0.858144791667557,0.35865,0.654818829958689,-0.348032393998187,0.671609056367886,1.01964145036607
74315,0.916666666666667,0.416666666666667,1,0.583333333333333,0.663881458342075,0.444252083342075,0.663881458342075,0.663881458342075,0.649270000052639,0.219629375,0.18438,-0.186930397815354,0.545811903718205,0.219734169237096,0.219734169237096,-0.186930397815354,-0.732742301533559,0.0840239979566016,0.444252083342075,0.81562,1.38076859226627,0.19322469739191,1.50629300974502,1.31306831235311
74389,0.883333333333333,0.583333333333333,1,0.416666666666667,0.472868749999965,0.316397916666631,0.472868749999965,0.472868749999965,0.39065000000037,0.156470833333333,0.1601,-0.357639321583652,0.472446486542678,0.163613120362795,0.163613120362795,-0.357639321583652,-0.83008580812633,0.0627387889918279,0.316397916666631,0.8399,1.86803068152294,0.797844602974622,2.11475171493163,1.31690711195701
74680,0.933333333333333,0.333333333333333,1,0.666666666666667,0.896921874997518,0.484934374997518,0.896921874997518,0.896921874997518,0.686000000059607,0.4119875,0.3332,-0.114296482432756,0.321980702377419,0.260355834511319,0.260355834511319,-0.114296482432756,-0.436277184810175,0.145739826470805,0.484934374997518,0.6668,1.04059601995538,-0.25983215695244,1.11492430709505,1.37475646404749
75395,0.958333333333333,0.208333333333333,1,0.791666666666667,1.08867708333336,0.47138125000003,1.08867708333336,1.08867708333336,0.985450000000355,0.617295833333333,0.64135,0.00936847623364361,0.254154520043585,0.312289286602787,0.312289286602787,0.00936847623364361,-0.244786043809941,0.20453757453951,0.47138125000003,0.35865,0.88027326744039,-0.760915493404979,0.918546018198668,1.67946151160365
75739,0.85,0.75,1,0.25,0.383853124999753,0.282428124999753,0.383853124999753,0.383853124999753,0.36574999998507,0.101425,0.08355,-0.424173743572622,0.612406293424108,0.140416441100586,0.140416441100586,-0.424173743572622,-1.03658003699673,0.041502222178011,0.282428124999753,0.91645,2.21438864149028,1.71998214345148,2.60516310763562,0.885180964184139
75864,0.908333333333333,0.458333333333333,1,0.541666666666667,0.507170833333083,0.22867499999975,0.507170833333083,0.507170833333083,0.481950000047689,0.278495833333333,0.26175,-0.306504312854014,0.290773994912316,0.176818469517538,0.176818469517538,-0.306504312854014,-0.59727830776633,0.105067127689807,0.22867499999975,0.73825,1.79098101395903,-0.39699612396831,1.97172221720261,2.36871834117092
76377,0.891666666666667,0.541666666666667,1,0.458333333333333,0.550141666666644,0.386562499999977,0.550141666666644,0.550141666666644,0.452850000000012,0.163579166666667,0.1541,-0.298072527227581,0.54592569509039,0.18513090908305,0.18513090908305,-0.298072527227581,-0.84399822231797,0.064882214952935,0.386562499999977,0.8459,1.62079464380394,0.632049377774943,1.81771361921937,1.18566424144443
76762,0.85,0.75,1,0.25,0.469971874999502,0.373455208332836,0.469971874999502,0.469971874999502,0.440799999982119,0.0965166666666667,0.0669,-0.340656299338385,0.724575341869902,0.165992176991849,0.165992176991849,-0.340656299338385,-1.06523164120829,0.0395601280856606,0.373455208332836,0.9331,1.8086188668224,1.45836257916819,2.127786902144,0.669424322975813
76803,0.9,0.447916666666667,0.989583333333333,0.541666666666667,0.493632105263111,0.277604396929778,0.493632105263111,0.492144687499945,0.481952499999352,0.216027708333333,0.2001375,-0.316260963718642,0.379357974467461,0.173169575184694,0.173169575184694,-0.316260963718642,-0.695618938186103,0.0839801897993016,0.276116979166611,0.789445833333333,1.82322014796888,0.0429691472948177,2.00469807936393,1.96172893206912
77969,0.758333333333333,0.895833333333333,0.9375,0.0416666666666667,0.276926666666733,0.198997500000066,0.276926666666733,0.274740624999937,0.273400000002255,0.0779291666666667,0.05545,-0.565380866197361,0.5990538407523,0.105766786424943,0.105766786424943,-0.565380866197361,-1.16443470694966,0.0321283664723105,0.19681145833327,0.88205,2.73839042827157,3.17366424135199,3.38537278220387,0.211708540851877
79183,0.891666666666667,0.541666666666667,1,0.458333333333333,0.486017708333368,0.302326041666701,0.486017708333368,0.486017708333368,0.452150000005958,0.183691666666667,0.1909,-0.32392126564809,0.432276889816952,0.170805894633705,0.170805894633705,-0.32392126564809,-0.756198155465042,0.0728326865905335,0.302326041666701,0.8091,1.83463822691633,0.54151486543371,2.05753819841083,1.51602333297712
79509,0.966666666666667,0.166666666666667,1,0.833333333333333,1.26608177083775,0.666613020837748,1.26608177083775,1.26608177083775,1.19907999999123,0.59946875,0.59061,0.0631985333341455,0.31669505213964,0.34403342693831,0.34403342693831,0.0631985333341455,-0.253496518805495,0.199901539909994,0.666613020837748,0.40939,0.763510453220598,-0.460262194140519,0.789838399883377,1.2501005940239
79659,0.833333333333333,0.729166666666667,0.979166666666667,0.25,0.364255319158448,0.272555319158448,0.364255319158448,0.361130208342647,0.333199999988096,0.0917,0.06695,-0.447425422490054,0.638526588837196,0.134217734608963,0.134217734608963,-0.447425422490054,-1.08595201132725,0.0376807213152055,0.269430208342647,0.912216666666667,2.28777258561004,1.76024871177448,2.6881327880918,0.927884076317321
80179,0.933333333333333,0.333333333333333,1,0.666666666666667,0.500615624999936,0.249744791666603,0.500615624999936,0.500615624999936,0.399249999999057,0.250870833333333,0.208,-0.334556108075886,0.368731461234005,0.171968527046862,0.171968527046862,-0.334556108075886,-0.70328756930989,0.093716595911245,0.249744791666603,0.792,1.86437115967655,-0.671851142439605,1.99754052822488,2.66939167066448
80490,0.916666666666667,0.416666666666667,1,0.583333333333333,0.899171874999768,0.588255208333102,0.899171874999768,0.899171874999768,0.871999999999844,0.310916666666667,0.3088,-0.0728173933042046,0.470281512890534,0.272779654443753,0.272779654443753,-0.0728173933042046,-0.543098906194738,0.115832407335223,0.588255208333102,0.6912,1.0194565601453,0.120501333494461,1.11213442924942,0.991633095754962
80497,0.808333333333333,0.958333333333333,1,0.0416666666666667,0.409929166666695,0.323466666666695,0.409929166666695,0.409929166666695,0.391550000000279,0.0864625,0.0661,-0.394839287676082,0.718468097857353,0.148500509982712,0.148500509982712,-0.394839287676082,-1.11330738553344,0.0355338579950288,0.323466666666695,0.9339,1.97188538670285,2.31063297854402,2.43944583922002,0.128812860675999
80785,0.9,0.5,1,0.5,0.476738541666553,0.247576041666553,0.476738541666553,0.476738541666553,0.428200000000175,0.2291625,0.21665,-0.353723817662364,0.29537164625032,0.164313285005306,0.164313285005306,-0.353723817662364,-0.649095463912684,0.0893085232195909,0.247576041666553,0.78335,1.88782722884925,0.0780042839535784,2.0975858098325,2.01958152587892
81548,0.941666666666667,0.291666666666667,1,0.708333333333333,1.05762187500003,0.56249687500003,1.05762187500003,1.05762187500003,1.15490000000223,0.495125,0.45625,-0.0137229958353304,0.314009024032182,0.30459866832817,0.30459866832817,-0.0137229958353304,-0.327732019867512,0.172295977328508,0.56249687500003,0.54375,0.890362320339337,-0.313748746857873,0.945517508324959,1.25926625518283
81878,0.908333333333333,0.458333333333333,1,0.541666666666667,0.505948958339791,0.273490625006458,0.505948958339791,0.505948958339791,0.490800000011902,0.232458333333333,0.21685,-0.305512990133592,0.350087917975188,0.176713320960895,0.176713320960895,-0.305512990133592,-0.65560090810878,0.0900132385049966,0.273490625006458,0.78315,1.79530626234298,-0.0040836263749513,1.97648395854273,1.98056758491768
81898,0.8,0.895833333333333,0.979166666666667,0.0833333333333333,0.38270000000001,0.29863750000001,0.38270000000001,0.381308333333332,0.381550000000743,0.0840625,0.06645,-0.422327772441367,0.705109865116667,0.140299920394787,0.140299920394787,-0.422327772441367,-1.12743763755803,0.0346029664680184,0.297245833333332,0.912716666666667,2.09041024301014,2.2782234761603,2.55857503701761,0.280351560857317
82083,0.833333333333333,0.78125,0.989583333333333,0.208333333333333,0.368422105262467,0.271897105262467,0.368422105262467,0.367286458332557,0.36510000000149,0.096525,0.0666,-0.439364884471196,0.623294092423,0.13579758555123,0.13579758555123,-0.439364884471196,-1.0626589768942,0.0395560616742864,0.270761458332556,0.922983333333333,2.26189829934243,1.9165692650338,2.68600423046914,0.769434965435342
82341,0.975,0.125,1,0.875,1.48412708333383,0.706406250000496,1.48412708333383,1.48412708333383,1.31790000000598,0.777720833333333,0.8084,0.153342537301036,0.299255800439212,0.388398362489878,0.388398362489878,0.153342537301036,-0.145913263138176,0.243942150169613,0.706406250000496,0.1916,0.656951827743642,-0.564867265982035,0.673796746403736,1.23866401238577
83038,0.95,0.25,1,0.75,1.03034166665872,0.547120833325388,1.03034166665872,1.03034166665872,0.968699999928475,0.483220833333333,0.48325,-0.0190741585732207,0.340117498640006,0.299797616051204,0.299797616051204,-0.0190741585732207,-0.359191657213227,0.167038075528148,0.547120833325388,0.51675,0.922024247627236,-0.400260519047266,0.970551839607617,1.37081235865488
83463,0.975,0.125,1,0.875,1.29288958333371,0.545581250000374,1.29288958333371,1.29288958333371,1.29690000000596,0.747308333333333,0.78355,0.102612136384821,0.261627232845578,0.357616368026749,0.357616368026749,0.102612136384821,-0.159015096460757,0.237349505164869,0.545581250000374,0.21645,0.754124723849943,-0.830332863426043,0.773461255230711,1.60379411865675
83735,0.783333333333333,0.927083333333333,0.96875,0.0416666666666667,0.871010752688188,0.786344086021522,0.871010752688188,0.865361702127675,0.40300000000002,0.0846666666666667,0.066,-0.239209820973069,0.883809164108155,0.228320739533972,0.228320739533972,-0.239209820973069,-1.12301898508122,0.0348401034696874,0.780695035461008,0.90275,0.899338304281253,1.05884234854652,1.11221359439038,0.0533712458438551
84474,0.908333333333333,0.458333333333333,1,0.541666666666667,0.589233437503329,0.320742812503329,0.589233437503329,0.589233437503329,0.564537500031293,0.268490625,0.26536,-0.251035942637702,0.329551633065308,0.197876791825611,0.197876791825611,-0.251035942637702,-0.58058757570301,0.10285841217993,0.320742812503329,0.73464,1.54155089565534,0.00833208428468457,1.69712025209762,1.68878816781294
85025,0.941666666666667,0.291666666666667,1,0.708333333333333,1.36396135416574,0.827781562499076,1.36396135416574,1.36396135416574,1.05607500001497,0.536179791666667,0.5412,0.042976811048398,0.326482744014252,0.342147689843337,0.342147689843337,0.042976811048398,-0.283505932965854,0.185050502705512,0.827781562499076,0.4588,0.690391017157983,-0.122542183305532,0.733158602291663,0.855700785597195
85733,0.958333333333333,0.208333333333333,1,0.791666666666667,0.93126458333246,0.335281249999127,0.93126458333246,0.93126458333246,0.883299999997021,0.595983333333333,0.54135,-0.0615913781685044,0.192360293811631,0.279200264824919,0.279200264824919,-0.0615913781685044,-0.253951671980136,0.19918648833299,0.335281249999127,0.45865,1.02906665891235,-1.28739303985091,1.07380868756071,2.36120172741162
85970,0.925,0.375,1,0.625,0.915736458333306,0.410240624999973,0.915736458333306,0.915736458333306,0.842299999999796,0.505495833333333,0.5306,-0.0603079043088202,0.250979902405407,0.277115843444813,0.277115843444813,-0.0603079043088202,-0.311287806714227,0.176151110578743,0.410240624999973,0.4694,1.01011594720555,-0.431478878671526,1.09201724022221,1.52349611889374
86351,0.883333333333333,0.583333333333333,1,0.416666666666667,0.448316093748872,0.325729843748872,0.448316093748872,0.448316093748872,0.397967500000959,0.12258625,0.1042,-0.369770118145149,0.587673162705141,0.158612167347459,0.158612167347459,-0.369770118145149,-0.95744328085029,0.0497104960064721,0.325729843748872,0.8958,1.97033598759928,0.951390377597988,2.23056904256522,1.27917866496723
86394,0.866666666666667,0.666666666666667,1,0.333333333333333,0.375678124999898,0.267357291666565,0.375678124999898,0.375678124999898,0.370300000000725,0.108320833333333,0.1162,-0.431166446008179,0.583003198056957,0.138034961316863,0.138034961316863,-0.431166446008179,-1.01416964406514,0.0441690953174171,0.267357291666565,0.8838,2.3069393957045,1.41508209112098,2.66185314888981,1.24677105776883
86424,0.883333333333333,0.583333333333333,1,0.416666666666667,0.410887499999794,0.247004166666461,0.410887499999794,0.410887499999794,0.386950000002969,0.163883333333333,0.16665,-0.395332216130246,0.43241857124618,0.148602269566642,0.148602269566642,-0.395332216130246,-0.827750787376426,0.0652572375271857,0.247004166666461,0.83335,2.14981797531873,0.746875072985544,2.43375619847404,1.68688112548849
86602,0.9,0.5,1,0.5,0.512980208332338,0.256042708332338,0.512980208332338,0.512980208332338,0.487999999940385,0.2569375,0.2659,-0.302702337294307,0.296907239297489,0.178245708290947,0.178245708290947,-0.302702337294307,-0.599609576591796,0.0989441187527592,0.256042708332338,0.7341,1.75445365217078,-0.00340626877681238,1.94939294685643,1.95279921563324
86726,0.933333333333333,0.333333333333333,1,0.666666666666667,0.732043750000005,0.294635416666672,0.732043750000005,0.732043750000005,0.718050000000034,0.437408333333333,0.43315,-0.149359059484132,0.228082765224094,0.236174510044762,0.236174510044762,-0.149359059484132,-0.377441824708226,0.155993582602404,0.294635416666672,0.56685,1.27496933527993,-0.896644827581736,1.36603857351421,2.26268340109595
87839,0.883333333333333,0.583333333333333,1,0.416666666666667,0.41312947915867,0.304634270825336,0.41312947915867,0.41312947915867,0.381489999999758,0.108495208333333,0.100875,-0.400188457387185,0.615406921425053,0.148447306492224,0.148447306492224,-0.400188457387185,-1.01559537881224,0.0442490226835932,0.304634270825336,0.899125,2.13815130097282,1.05278832615716,2.42054864261074,1.36776031645358
88062,0.883333333333333,0.583333333333333,1,0.416666666666667,0.418727864585283,0.276385364585283,0.418727864585283,0.418727864585283,0.413112500013085,0.1423425,0.150275,-0.380823423324923,0.495491182273367,0.151647707301001,0.151647707301001,-0.380823423324923,-0.87631460559829,0.0573680363284952,0.276385364585283,0.849725,2.10956424934415,0.880629030977643,2.38818594265376,1.50755691167611
88190,0.866666666666667,0.666666666666667,1,0.333333333333333,0.424663541666546,0.264309374999879,0.424663541666546,0.424663541666546,0.371099999994016,0.160354166666667,0.11665,-0.389595974887412,0.489697221745491,0.151951949631423,0.151951949631423,-0.389595974887412,-0.879293196632904,0.063147046971306,0.264309374999879,0.88335,2.04083134442276,1.09365704301185,2.35480539741088,1.26114835439903
88236,0.941666666666667,0.291666666666667,1,0.708333333333333,0.831728541671813,0.411389583338479,0.831728541671813,0.831728541671813,0.802879999973811,0.420338958333333,0.4333525,-0.104099282943937,0.306762567291509,0.257945288406687,0.257945288406687,-0.104099282943937,-0.410861850235446,0.149751972354796,0.411389583338479,0.5666475,1.13218029619841,-0.51949132280644,1.20231535879477,1.72180668160121
88463,0.883333333333333,0.583333333333333,1,0.416666666666667,0.486387916666667,0.327573750000001,0.486387916666667,0.486387916666667,0.469340000000102,0.158814166666667,0.16449,-0.322125279423796,0.529009446023749,0.17110646735666,0.17110646735666,-0.322125279423796,-0.851134725447545,0.063265465296503,0.327573750000001,0.83551,1.81610871295288,0.783993934665331,2.05597212787118,1.27197819320585
89269,0.858333333333333,0.708333333333333,1,0.291666666666667,0.414260416666683,0.312343750000017,0.414260416666683,0.414260416666683,0.398000000000138,0.101916666666667,0.1005,-0.387081138618493,0.653791815230315,0.150111502662334,0.150111502662334,-0.387081138618493,-1.04087295384881,0.0416957178359485,0.312343750000017,0.8995,2.0719656013477,1.4801402729745,2.4139405064245,0.933800233450009
90069,0.833333333333333,0.833333333333333,1,0.166666666666667,0.500186458309486,0.397498958309486,0.500186458309486,0.500186458309486,0.433799999952271,0.1026875,0.0666,-0.328009870256382,0.721649474947808,0.172899083402738,0.172899083402738,-0.328009870256382,-1.04965934520419,0.0418190951260124,0.397498958309486,0.9334,1.66604537065999,1.57996613426287,1.99925444479198,0.419288310529113
91451,0.866666666666667,0.614583333333333,0.989583333333333,0.375,0.405357894736718,0.261153728070051,0.405357894736718,0.405067708333209,0.385350000000471,0.144204166666667,0.13355,-0.402052713714641,0.46295357496239,0.14675399854596,0.14675399854596,-0.402052713714641,-0.865006288677031,0.0581143962714486,0.260863541666542,0.856033333333333,2.13802833969614,1.00372512752507,2.4412583205665,1.43753319304143
91731,0.866666666666667,0.614583333333333,0.989583333333333,0.375,0.425046315789529,0.300008815789529,0.425046315789529,0.424741666666691,0.398899999991045,0.1250375,0.10855,-0.383268851611947,0.576417489601767,0.152466587401521,0.152466587401521,-0.383268851611947,-0.959686341213714,0.0504809650750569,0.299704166666691,0.881033333333333,2.03899348017362,1.07694379603304,2.32817765164055,1.25123385560751
91907,0.875,0.572916666666667,0.989583333333333,0.416666666666667,0.366799999994995,0.259649999994995,0.366799999994995,0.365586458327885,0.36224999988076,0.10715,0.10015,-0.439140457805256,0.58413588275509,0.135440091893256,0.135440091893256,-0.439140457805256,-1.02327634056035,0.0436826135109789,0.258436458327885,0.889433333333333,2.38549618323865,1.08562296598563,2.69788258818657,1.61225962220095
92795,0.95,0.25,1,0.75,0.897235416666253,0.510060416666253,0.897235416666253,0.897235416666253,1.0242999999823,0.387175,0.32975,-0.100072222935054,0.378359942886569,0.268384896844607,0.268384896844607,-0.100072222935054,-0.478432165821623,0.137527849500583,0.510060416666253,0.67025,1.05880795870698,-0.35587935071334,1.11453469337577,1.47041404408911
93352,0.925,0.375,1,0.625,1.32423645833352,1.07214062500019,1.32423645833352,1.32423645833352,1.03040000000598,0.252095833333333,0.20035,-0.0063495276538841,0.678838845933851,0.319445144338012,0.319445144338012,-0.0063495276538841,-0.685188373587735,0.0944868588681717,1.07214062500019,0.79965,0.698515732729533,0.172206226298956,0.755152143491387,0.582945917192432
94759,0.875,0.520833333333333,0.979166666666667,0.458333333333333,0.442188617030278,0.307507158696944,0.442188617030278,0.447108072924796,0.428844999987632,0.134681458333333,0.11749,-0.361984159520522,0.545331976128862,0.158140252212535,0.158140252212535,-0.361984159520522,-0.907316135649384,0.0544055254746767,0.312426614591463,0.861676666666667,1.97879358785051,0.747353083319281,2.21436425307081,1.46701116975153
95088,0.933333333333333,0.333333333333333,1,0.666666666666667,0.827367708332834,0.370526041666167,0.827367708332834,0.827367708332834,0.832950000047688,0.456841666666667,0.5084,-0.0999864987588144,0.270107036772122,0.258583077426904,0.258583077426904,-0.0999864987588144,-0.370093535530936,0.161119646393666,0.370526041666167,0.4916,1.12807561128295,-0.5905913147012,1.2086524406603,1.7992437553615
95591,0.808333333333333,0.958333333333333,1,0.0416666666666667,0.407276614583297,0.32048994791663,0.407276614583297,0.407276614583297,0.381074999999385,0.0867866666666667,0.066075,-0.399880438927646,0.723487072327945,0.147389381432624,0.147389381432624,-0.399880438927646,-1.12336751125559,0.0356130594504525,0.32048994791663,0.933925,1.98472808010442,2.32532442955857,2.45533370734567,0.130009277787101
95802,0.8,1,1,0,0.464088541666816,0.383613541666816,0.464088541666816,0.464088541666816,0.415950000002994,0.080475,0.06595,-0.350373048332452,0.795767514462248,0.163227481650607,0.163227481650607,-0.350373048332452,-1.1461405627947,0.0331706980678883,0.383613541666816,0.93405,1.72380898939398,2.15476123674247,2.15476123674247,0
96229,0.9,0.5,1,0.5,0.539612499997021,0.355837499997021,0.539612499997021,0.539612499997021,0.437199999988053,0.183775,0.17915,-0.31680228742709,0.496562389469739,0.181024644441721,0.181024644441721,-0.31680228742709,-0.813364676896829,0.0717813176134904,0.355837499997021,0.82085,1.66786351317838,0.448045910053651,1.85318168130931,1.40513577125566
96515,0.825,0.875,1,0.125,0.537576041667411,0.441909375000744,0.537576041667411,0.537576041667411,0.480249999999998,0.0956666666666667,0.0666,-0.295164729395688,0.767773815784503,0.182955476014415,0.182955476014415,-0.295164729395688,-1.06293854518019,0.0392392424733933,0.441909375000744,0.9334,1.53466660724142,1.57733852170578,1.86020194817142,0.28286342646564
96579,0.966666666666667,0.166666666666667,1,0.833333333333333,1.29126838541591,0.553005468749242,1.29126838541591,1.29126838541591,1.21869749999314,0.738262916666667,0.7916325,0.094933625191783,0.257779592383639,0.354974801568103,0.354974801568103,0.094933625191783,-0.162845967191856,0.235491725866331,0.553005468749242,0.2083675,0.748617930698667,-0.732484642314236,0.774432342102069,1.50691698441631
97460,0.925,0.375,1,0.625,0.61489687500647,0.34022187500647,0.61489687500647,0.61489687500647,0.605549999952359,0.274675,0.26555,-0.22594979031478,0.353703134270043,0.206018165210295,0.206018165210295,-0.22594979031478,-0.579652924584823,0.104468597690988,0.34022187500647,0.73445,1.50431728896047,-0.210747531656643,1.62628896103835,1.83703649269499
97596,0.925,0.375,1,0.625,0.736495052083838,0.392048802083838,0.736495052083838,0.736495052083838,0.642992499997604,0.34444625,0.3169325,-0.159498769568011,0.326431296876741,0.234681369245682,0.234681369245682,-0.159498769568011,-0.485930066444753,0.127080488129677,0.392048802083838,0.6830675,1.25594869562641,-0.236406912678388,1.35778237365017,1.59418928632856
98811,0.941666666666667,0.291666666666667,1,0.708333333333333,1.10870416668306,0.690787500016392,1.10870416668306,1.10870416668306,0.91330000007153,0.417916666666667,0.38325,-0.00623870922062912,0.41230057000845,0.30810977297057,0.30810977297057,-0.00623870922062912,-0.418539279229079,0.148518452186209,0.690787500016392,0.61675,0.849339882507953,-0.12344589755551,0.901953857530569,1.02539975508608
99010,0.95,0.25,1,0.75,1.35700729165973,0.965961458326394,1.35700729165973,1.35700729165973,1.36424999999963,0.391045833333333,0.4059,0.100005399541256,0.594400752070965,0.362769254539293,0.362769254539293,0.100005399541256,-0.494395352529709,0.138244630839321,0.965961458326394,0.5941,0.700069930234549,-0.0395127776008789,0.736915716036368,0.776428493637247
99368,0.95,0.25,1,0.75,0.905979166669773,0.362837500003107,0.905979166669773,0.905979166669773,0.951999999970212,0.543141666666667,0.54145,-0.067327726042194,0.225564865938908,0.275098119768077,0.275098119768077,-0.067327726042194,-0.292892591981102,0.185333214966351,0.362837500003107,0.45855,1.04858923356046,-0.963262890156806,1.10377814058996,2.06704103074676
99761,0.966666666666667,0.166666666666667,1,0.833333333333333,1.43603020833339,0.74550520833339,1.43603020833339,1.43603020833339,1.37864999999107,0.690525,0.73195,0.128174728023571,0.31779118568987,0.376666865482071,0.376666865482071,0.128174728023571,-0.189616457666299,0.22393477380307,0.74550520833339,0.26805,0.673152041688976,-0.421446028741357,0.696364181057561,1.11781020979892
99798,0.858333333333333,0.65625,0.989583333333333,0.333333333333333,0.407763157896452,0.300090657896452,0.407763157896452,0.407797916668642,0.387837499962188,0.1076725,0.1004075,-0.400768394509623,0.612577499598636,0.147489703320309,0.147489703320309,-0.400768394509623,-1.01334589410826,0.0439271985254386,0.300125416668642,0.889175833333333,2.10498010109903,1.31621132722788,2.42685812626708,1.1106467990392
