"ParticipantID","FT_ACC","FT_ACC_Interference","FT_ACC_Consistent","FT_ACC_Inconsistent","FT_RTc","FT_RTc_Interference","FT_RTc_Consistent","FT_RTc_Inconsistent","FT_LogRTc","FT_LogRTc_Interference","FT_LogRTc_Consistent","FT_LogRTc_Inconsistent","FT_ACC_SimpleIncongruent","FT_ACC_ComplexIncongruent","FT_RTc_SimpleIncongruent","FT_RTc_ComplexIncongruent","FT_LogRTcRTc_SimpleIncongruent","FT_LogRTcRTc_ComplexIncongruent","FT_LogRTc_1","FT_LogRTc_Consistent_1","FT_LogRTc_Inconsistent_1","FT_LogRTcRTc_SimpleIncongruent_1","FT_LogRTcRTc_ComplexIncongruent_1","FT_EFF","FT_EFF_Interference","FT_EFF_Consistent","FT_EFF_Inconsistent"
10700,1,0,1,1,0.507238888888889,-0.0127541666666666,0.498736111111111,0.511490277777778,-0.304618915418132,-0.0099707783024004,-0.311266100953066,-0.301295322650666,NA,NA,NA,NA,NA,NA,0.176907255510061,0.174640290950627,0.178040737789779,NA,NA,1.971457673899,0.0499969935796651,2.00506836726169,1.95507137368202
10780,0.990740740740741,0.0138888888888888,1,0.986111111111111,0.420176635514019,-0.00331377151799689,0.417977777777778,0.421291549295775,-0.381433355366341,-0.00385817648327896,-0.383993453780479,-0.3801352772972,NA,NA,NA,NA,NA,NA,0.151881293753362,0.151159736384334,0.152247153827798,NA,NA,2.3579148791287,0.0517859745021272,2.39247168908501,2.34068571458289
11111,0.981481481481482,-0.013888888888889,0.972222222222222,0.986111111111111,0.479058490566038,0.00328249496981892,0.481257142857143,0.477974647887324,-0.32871550357866,0.00708571154308041,-0.323969413771502,-0.331055125314582,NA,NA,NA,NA,NA,NA,0.168899869157915,0.169910565645849,0.16840163849485,NA,NA,2.04877170702433,-0.0429313427534059,2.02017203620148,2.06310337895489
11620,1,0,1,1,0.439739027777778,-0.0200847916666667,0.426349166666667,0.446433958333333,-0.360549235898049,-0.0186143225057072,-0.372958784235187,-0.35434446172948,NA,NA,NA,NA,NA,NA,0.157906554961248,0.153971367161511,0.159874148861117,NA,NA,2.2740760697396,0.105522407403998,2.34549537839681,2.23997297099282
11738,0.972222222222222,-0.0416666666666667,0.944444444444444,0.986111111111111,0.413302857142857,-0.002096396023198,0.411885294117647,0.413981690140845,-0.390557687526387,-0.00395296352924895,-0.393230643817593,-0.389277680288344,NA,NA,NA,NA,NA,NA,0.149622431330902,0.149064240525869,0.149889733969932,NA,NA,2.35232398087724,-0.0890369668616073,2.29297927829072,2.38201624515233
12073,1,0,1,1,0.46462962962963,-0.0149319444444445,0.454675,0.469606944444444,-0.337180185028544,-0.0133300175300559,-0.346066863381915,-0.332736845851859,NA,NA,NA,NA,NA,NA,0.165267826192245,0.162385601603493,0.166708938486621,NA,NA,2.15225189318454,0.0699327778360823,2.19937317864409,2.129440400808
12656,0.990740740740741,0.0138888888888888,1,0.986111111111111,0.505844345794393,0.000643990610328604,0.506271666666667,0.505627676056338,-0.316722292022241,0.00178323847360951,-0.315539021633211,-0.31732226010682,NA,NA,NA,NA,NA,NA,0.175196217210419,0.17557206699642,0.17500564548794,NA,NA,1.95858814866232,0.0249528728529476,1.97522410563499,1.95027123278204
12703,0.972222222222222,0.0416666666666666,1,0.958333333333333,0.414141904761905,-0.00947741545893721,0.407913888888889,0.417391304347826,-0.391522759814826,-0.00890226865721117,-0.397372822075279,-0.388470553418067,NA,NA,NA,NA,NA,NA,0.149625293373534,0.147762503645722,0.150597183666305,NA,NA,2.34755819453036,0.155490852612397,2.45149779705684,2.29600694444444
12970,0.981481481481482,0.0277777777777778,1,0.972222222222222,0.389681132075472,-0.020309126984127,0.376269444444444,0.396578571428571,-0.413439132778483,-0.0235837924720546,-0.429013335354368,-0.405429542882314,NA,NA,NA,NA,NA,NA,0.142565442536141,0.138317223227775,0.144750241037587,NA,NA,2.51867848015642,0.206145113229518,2.65766996168526,2.45152484845574
13339,0.981481481481482,-0.013888888888889,0.972222222222222,0.986111111111111,0.546968867924528,-0.172522374245473,0.431411428571429,0.603933802816901,-0.3326547513414,-0.050452708587479,-0.366448546716032,-0.315995838128553,NA,NA,NA,NA,NA,NA,0.172083553804258,0.155643198259973,0.18018795442468,NA,NA,1.79440099617682,0.620771520525022,2.25358476348582,1.6328132429608
13662,1,0,1,1,0.463004351851852,0.00336159722222223,0.465245416666667,0.461883819444444,-0.341371157487399,-0.000633349646553483,-0.341793390585101,-0.341160040938548,NA,NA,NA,NA,NA,NA,0.164482417959259,0.164845400201413,0.164300926838183,NA,NA,2.15980691326195,-0.0156433882583569,2.14940322714983,2.16504661540819
13764,0.990740740740741,-0.0277777777777778,0.972222222222222,1,0.52503738317757,-0.0370384920634921,0.500114285714286,0.537152777777778,-0.28563481920612,-0.0254408530112797,-0.302753897867916,-0.277313044856636,NA,NA,NA,NA,NA,NA,0.182468054135946,0.175920597816798,0.185650845402199,NA,NA,1.88699085528862,0.0823323575434018,1.94400010156409,1.86166774402069
14746,0.925925925925926,-0.013888888888889,0.916666666666667,0.930555555555556,0.989771,0.313507779285391,1.19982121212121,0.886313432835821,-0.245811647187423,0.0716475498269374,-0.197807788803375,-0.269455338630313,NA,NA,NA,NA,NA,NA,0.222616585576485,0.248113039412061,0.210058630702246,NA,NA,0.935495105358639,-0.285914299452208,0.764002717576609,1.04991701702882
14967,1,0,1,1,0.553941666666667,-0.0416125000000001,0.5262,0.5678125,-0.268154488102482,-0.0241201503843976,-0.284234588358747,-0.26011443797435,NA,NA,NA,NA,NA,NA,0.189726608968226,0.182944730818313,0.193117548043183,NA,NA,1.80524423450123,0.139273347896581,1.90041809198024,1.76114474408365
15940,0.990740740740741,0.0138888888888888,1,0.986111111111111,0.423859252336449,-0.00512197965571204,0.420460555555556,0.425582535211268,-0.377207449439611,-0.00354784124761615,-0.379561624473076,-0.37601378322546,NA,NA,NA,NA,NA,NA,0.153023465256272,0.15211560008553,0.153483791258338,NA,NA,2.33742860461217,0.061258905779348,2.37834438162385,2.31708547584451
16021,0.981481481481482,0.0277777777777778,1,0.972222222222222,0.419912264150943,-0.0218495238095238,0.405483333333333,0.427332857142857,-0.380334946331832,-0.0222000615300613,-0.394995364323382,-0.372795302793321,NA,NA,NA,NA,NA,NA,0.151940675819063,0.147580451139831,0.154183077082667,NA,NA,2.33734893041532,0.19109907079703,2.46619260964281,2.27509353884578
16062,0.990740740740741,-0.0277777777777778,0.972222222222222,1,0.504326168224299,-0.0161992857142857,0.493425714285714,0.509625,-0.304479171896679,-0.0133196805409448,-0.313441947587782,-0.300122267046837,NA,NA,NA,NA,NA,NA,0.176450514128024,0.173362193430527,0.177951781133752,NA,NA,1.96448410406519,0.00812462744755527,1.9703517552376,1.96222712779004
16258,0.990740740740741,0.0138888888888888,1,0.986111111111111,0.487534579439252,0.000333020344287949,0.487755555555556,0.487422535211268,-0.3190491299392,-0.0052243727027087,-0.322515769769969,-0.317291397067261,NA,NA,NA,NA,NA,NA,0.171573656630039,0.17103762532234,0.171845447152252,NA,NA,2.03214455450578,0.0270937989001214,2.05020729873798,2.02311349983786
16448,0.981481481481482,-0.013888888888889,0.972222222222222,0.986111111111111,0.58092641509434,-0.0191023742454728,0.568131428571429,0.587233802816901,-0.24814921256697,-0.0217578422737787,-0.262722861637142,-0.240965019363364,NA,NA,NA,NA,NA,NA,0.197213935169973,0.193001473444938,0.199290500809074,NA,NA,1.68951085022032,0.0320150081697974,1.71126287568157,1.67924786751177
16726,0.981481481481482,0.0277777777777778,1,0.972222222222222,0.546191509433962,-0.0563311904761905,0.508991666666667,0.565322857142857,-0.282806688826694,-0.0284703777165284,-0.301607881658364,-0.273137503941836,NA,NA,NA,NA,NA,NA,0.185903008454665,0.177713008300868,0.190115008533761,NA,NA,1.79695484922244,0.244904134383968,1.96466870773916,1.71976457335519
17158,0.990740740740741,0.0138888888888888,1,0.986111111111111,0.425317757009346,-0.0141385367762129,0.415936111111111,0.430074647887324,-0.373621835312016,-0.0142994453727406,-0.383110252335049,-0.368810806962308,NA,NA,NA,NA,NA,NA,0.153701106317976,0.150860493653291,0.155141416964859,NA,NA,2.32941306684962,0.11133178123259,2.40421539098553,2.29288360975294
17608,0.990740740740741,-0.0277777777777778,0.972222222222222,1,0.415100934579439,-0.00764849206349205,0.409954285714286,0.417602777777778,-0.386057721899059,-0.00915264227835833,-0.392216509226552,-0.383063866948194,NA,NA,NA,NA,NA,NA,0.150409770798409,0.148770800751217,0.151206492349127,NA,NA,2.38674659151156,-0.0230819517639032,2.37153813510759,2.3946200868715
17615,0.990740740740741,0.0138888888888888,1,0.986111111111111,0.601656074766355,-0.0374968309859155,0.576775,0.614271830985916,-0.256536458363367,-0.0406518774567426,-0.283511068638401,-0.242859191181659,NA,NA,NA,NA,NA,NA,0.198824222185276,0.190841002162603,0.202872052055927,NA,NA,1.64668949968714,0.128444897124411,1.73377833643969,1.60533343931528
17715,0.990740740740741,0.0138888888888888,1,0.986111111111111,0.436909345794393,-0.0228164710485133,0.421769444444444,0.444585915492958,-0.365434823661486,-0.0191758122880179,-0.37815896078718,-0.358983148499163,NA,NA,NA,NA,NA,NA,0.156808049321104,0.152545372191202,0.158969406739082,NA,NA,2.26761169171002,0.15291962438794,2.37096359912274,2.2180439747348
18428,1,0,1,1,0.731253703703704,-0.0148722222222223,0.721338888888889,0.736211111111111,-0.159217626136717,-0.0107268798223321,-0.166368879351605,-0.155641999529273,NA,NA,NA,NA,NA,NA,0.234262651449508,0.231826221635816,0.235480866356355,NA,NA,1.36751444120574,0.0280049081025566,1.38631094954598,1.35830604144343
18865,1,0,1,1,0.401777777777778,-0.0149625,0.391802777777778,0.406765277777778,-0.402737794101827,-0.0180963821666096,-0.414802048879567,-0.396705666712957,NA,NA,NA,NA,NA,NA,0.146015153240157,0.142766180843596,0.147639639438437,NA,NA,2.48893805309735,0.0938842581734494,2.55230451828797,2.45842026011452
19059,0.981481481481482,0.0277777777777778,1,0.972222222222222,0.451958490566038,-0.0601426190476191,0.412241666666667,0.472384285714286,-0.359135167942937,-0.0455318574196601,-0.389203375672901,-0.343671518253241,NA,NA,NA,NA,NA,NA,0.159748005665589,0.149466618334797,0.165035576292853,NA,NA,2.17161863748209,0.367644390639563,2.42576158806525,2.05811719742569
20521,0.990740740740741,0.0138888888888888,1,0.986111111111111,0.532680607476635,-0.0535921752738654,0.497119444444444,0.55071161971831,-0.28795670984703,-0.0422999341770487,-0.316024890469184,-0.273724956292135,NA,NA,NA,NA,NA,NA,0.183399594701767,0.173563930434191,0.188386692076875,NA,NA,1.8599151664897,0.220976485945962,2.01158898766784,1.79061250172188
21049,0.962962962962963,0.0555555555555556,1,0.944444444444444,0.439504230769231,0.00311055555555562,0.441538055555556,0.4384275,-0.36676735667519,-0.000623821086758514,-0.367175239693456,-0.366551418606697,NA,NA,NA,NA,NA,NA,0.157225609057124,0.157539006888582,0.157059692558117,NA,NA,2.19102091754057,0.110647112337148,2.26481044480248,2.15416333246533
21072,0.972222222222222,-0.0416666666666667,0.944444444444444,0.986111111111111,0.410622857142857,-0.0225779204639602,0.395355882352941,0.417933802816901,-0.392834625786113,-0.0259141923877689,-0.41035755587689,-0.384443363489121,NA,NA,NA,NA,NA,NA,0.148876522253215,0.144072881122644,0.151176857442503,NA,NA,2.3676768239036,0.0293551645081949,2.38884631948216,2.35949115497396
21362,1,0,1,1,0.482292592592593,0.0148819444444444,0.492213888888889,0.477331944444444,-0.322047018045076,0.00860528810167621,-0.316310159310625,-0.324915447412301,NA,NA,NA,NA,NA,NA,0.170312726958226,0.172818128157948,0.169060026358365,NA,NA,2.07343014460255,-0.0633410582966936,2.03163710446565,2.09497816276234
22222,0.981481481481482,-0.013888888888889,0.972222222222222,0.986111111111111,0.459245283018868,0.00605778672032198,0.463302857142857,0.457245070422535,-0.343409139684637,0.00727517158794094,-0.338536147394601,-0.345811318982542,NA,NA,NA,NA,NA,NA,0.163557175435468,0.164855416199436,0.162917197594075,NA,NA,2.1371618125932,-0.0581764789188557,2.09845937108573,2.15663585000459
22799,0.981481481481482,-0.013888888888889,0.972222222222222,0.986111111111111,0.479551320754717,-0.0186287525150906,0.467073571428571,0.485702323943662,-0.337064535001743,-0.0172114489766158,-0.348592958372873,-0.331381509396257,NA,NA,NA,NA,NA,NA,0.16803908252753,0.164356613974999,0.169854383926665,NA,NA,2.04666620443632,0.0512396185488759,2.08151837674871,2.03027875819983
22927,0.916666666666667,0,0.916666666666667,0.916666666666667,0.425060606060606,-0.0336772727272727,0.402609090909091,0.436286363636364,-0.380691273105918,-0.0287630435545072,-0.399866635475589,-0.371103591921082,NA,NA,NA,NA,NA,NA,0.152994796445354,0.146550278382883,0.15621705547659,NA,NA,2.15655521494261,0.175749111026192,2.27681561933148,2.10106650830529
23326,0.953703703703704,0.0694444444444444,1,0.930555555555556,0.436769902912621,-0.0435835406301824,0.408419444444444,0.452002985074627,-0.363724326855942,-0.0411322707254798,-0.390480269949215,-0.349347999223735,NA,NA,NA,NA,NA,NA,0.156991740094354,0.1485991688673,0.161501181350682,NA,NA,2.1835380536614,0.389725616348341,2.44846324924676,2.05873763289842
23347,1,0,1,1,0.397944444444444,-0.0248458333333333,0.381380555555556,0.406226388888889,-0.405867283962788,-0.0245344261423869,-0.422223568057712,-0.397689141915325,NA,NA,NA,NA,NA,NA,0.145003490281396,0.14004488841354,0.147482791215324,NA,NA,2.51291358369398,0.160371388140542,2.62205292176814,2.4616815336276
23899,0.981481481481482,0.0277777777777778,1,0.972222222222222,0.398441037735849,-0.0122088174603175,0.390378611111111,0.402587428571429,-0.405858145479681,-0.0162123603351053,-0.416564421172675,-0.40035206083757,NA,NA,NA,NA,NA,NA,0.145091581866696,0.142390107956938,0.146480911306,NA,NA,2.46330419943381,0.146681373344572,2.56161575336764,2.41493438002306
23919,0.981481481481482,0.0277777777777778,1,0.972222222222222,0.389245141509434,0.0112753253968254,0.396691111111111,0.385415785714286,-0.415446284846655,0.0064164101065704,-0.411209032889486,-0.417625442996057,NA,NA,NA,NA,NA,NA,0.142244508765808,0.144099771422146,0.141290373685405,NA,NA,2.5214996330473,-0.00167523162708871,2.52085305667438,2.52252828830147
24240,0.990740740740741,0.0138888888888888,1,0.986111111111111,0.431857009345794,0.000801564945226929,0.432388888888889,0.431587323943662,-0.370932498641399,-0.000855175007259401,-0.37149995121631,-0.37064477620905,NA,NA,NA,NA,NA,NA,0.155247482378176,0.155243325535894,0.155249590072855,NA,NA,2.29414069773136,0.0278856273515049,2.31273287935243,2.28484725200093
24243,1,0,1,1,0.613325972222222,-0.05794375,0.574696805555556,0.632640555555556,-0.225591033675064,-0.0356000398479851,-0.24932439357372,-0.213724353725735,NA,NA,NA,NA,NA,NA,0.205458383193759,0.196005205115811,0.210184972232734,NA,NA,1.63045435101463,0.15937154626099,1.7400479528215,1.58067640656051
24256,1,0,1,1,0.595713888888889,-0.0430333333333334,0.567025,0.610058333333333,-0.248018327581457,-0.0131909821789306,-0.256812315700744,-0.243621333521814,NA,NA,NA,NA,NA,NA,0.198470733156569,0.193579408181655,0.200916395644026,NA,NA,1.67865819255142,0.124403161214174,1.76359067060535,1.63918750939118
24391,1,0,1,1,0.423487962962963,0.0020222222222222,0.424836111111111,0.422813888888889,-0.374653468946314,0.00274432833395916,-0.372823916723675,-0.375568245057634,NA,NA,NA,NA,NA,NA,0.153220254394598,0.15367184784744,0.152994457668177,NA,NA,2.3613422044004,-0.011257921315742,2.35384886982562,2.36510679114136
24881,0.990740740740741,0.0138888888888888,1,0.986111111111111,0.473532710280374,-0.00959389671361505,0.467166666666667,0.476760563380282,-0.334916288867628,-0.00953023062577624,-0.341240086759498,-0.331709856133722,NA,NA,NA,NA,NA,NA,0.167147302635307,0.165172218467564,0.168148753762613,NA,NA,2.09223295293399,0.0722065506354443,2.14056368176953,2.06835713113409
25653,1,0,1,1,0.564818518518518,-0.0375027777777778,0.539816666666667,0.577319444444444,-0.264356212940309,-0.016591865681638,-0.275417456728068,-0.25882559104643,NA,NA,NA,NA,NA,NA,0.192048050012368,0.186544049596283,0.194800050220411,NA,NA,1.7704801935725,0.120337493770015,1.8524807805119,1.73214328674189
25813,0.972222222222222,0.0416666666666666,1,0.958333333333333,0.610131428571429,-0.29769577294686,0.414502777777778,0.712198550724638,-0.342144140682488,-0.0659137325173897,-0.385458879193916,-0.319545146676526,NA,NA,NA,NA,NA,NA,0.171104919487468,0.150334482258601,0.181941669346006,NA,NA,1.59346359930777,1.06693052300764,2.41252906762453,1.34559854461689
26045,0.888888888888889,0,0.888888888888889,0.888888888888889,0.352832291666667,0.00673437500000001,0.357321875,0.3505875,-0.457732796068173,0.00700740771322239,-0.453061190926025,-0.460068598639247,NA,NA,NA,NA,NA,NA,0.130894803414648,0.132279994025752,0.130202208109097,NA,NA,2.51929573874903,-0.0477846865998139,2.48764195835726,2.53542664495708
26433,1,0,1,1,0.420230601851852,0.00747868055555556,0.425216388888889,0.417737708333333,-0.384133449114737,0.00834204667281557,-0.378572084666193,-0.386914131339009,NA,NA,NA,NA,NA,NA,0.151586349200878,0.153172843785834,0.150793101908401,NA,NA,2.37964583158211,-0.042102831916575,2.35174378535373,2.39384661727031
27250,0.990740740740741,0.0138888888888888,1,0.986111111111111,0.348175140186916,-0.0508409096244131,0.314439583333333,0.365280492957746,-0.46657434965812,-0.0570179012685158,-0.504408657976481,-0.447390756707965,NA,NA,NA,NA,NA,NA,0.129024962757966,0.11862665274697,0.134297345298752,NA,NA,2.8455240664479,0.480661473729971,3.18026117894932,2.69959970521935
27532,0.981481481481482,0.0277777777777778,1,0.972222222222222,0.48327358490566,0.0291647619047619,0.502533333333333,0.473368571428571,-0.323026783360791,0.0241372238803011,-0.307087107213422,-0.331224331093723,NA,NA,NA,NA,NA,NA,0.170432195182182,0.175855633899882,0.167642998127365,NA,NA,2.03090239594427,-0.063919958863454,1.98991775006633,2.05383770892978
27890,0.981481481481482,0.0277777777777778,1,0.972222222222222,0.438401886792453,-0.00529444444444449,0.434905555555556,0.4402,-0.362780693223091,-0.00664421141192051,-0.367168380004548,-0.360524168592628,NA,NA,NA,NA,NA,NA,0.157409211368199,0.15626100075692,0.157999719682572,NA,NA,2.23877111629798,0.090757740857828,2.29934979497464,2.20859205411682
27956,0.898148148148148,0.0694444444444444,0.944444444444444,0.875,0.414236082474227,-0.0282000466853408,0.395920588235294,0.424120634920635,-0.389168122693333,-0.0270938664293111,-0.406765169961855,-0.379671303532544,NA,NA,NA,NA,NA,NA,0.149941168603409,0.144497508583065,0.152879016868356,NA,NA,2.1682035586652,0.322346819886066,2.38543908174627,2.06309226186021
28034,0.981481481481482,-0.013888888888889,0.972222222222222,0.986111111111111,0.436599056603774,-0.00628181086519114,0.432391428571429,0.43867323943662,-0.371938323315571,0.00238269234258298,-0.370342369010633,-0.372725061353216,NA,NA,NA,NA,NA,NA,0.155768795031601,0.155474300305816,0.155913968487974,NA,NA,2.24801558005244,0.000537117200180681,2.24847709269893,2.24793997549875
28769,1,0,1,1,0.419256342592593,-0.00386951388888895,0.416676666666667,0.420546180555556,-0.388278883189927,-0.00247939440220646,-0.389931812791398,-0.387452418389191,NA,NA,NA,NA,NA,NA,0.150762042064802,0.150198827876559,0.151043649158924,NA,NA,2.3851756035847,0.0220822608409255,2.39994240138237,2.37786014054144
29529,0.981481481481482,0.0277777777777778,1,0.972222222222222,0.435455660377358,-0.0677307936507937,0.390727777777778,0.458458571428571,-0.366498372095131,-0.0657492513065124,-0.409917688995658,-0.344168437689145,NA,NA,NA,NA,NA,NA,0.156440448663203,0.143098326216979,0.163302111635547,NA,NA,2.25391829935325,0.438693947509708,2.55932661273123,2.12063266522152
30092,0.990740740740741,0.0138888888888888,1,0.986111111111111,0.395185,-0.0115512695618153,0.387520138888889,0.399071408450704,-0.410099652619601,-0.0126161243120744,-0.418471099593034,-0.40585497528096,NA,NA,NA,NA,NA,NA,0.144032344392648,0.141653826839004,0.145238353293087,NA,NA,2.5070302282241,0.109496863705199,2.58051104870894,2.47101418500374
30154,0.981481481481482,0.0277777777777778,1,0.972222222222222,0.452083018867925,-0.00288507936507937,0.450177777777778,0.453062857142857,-0.349441763334173,-0.00187737731671622,-0.350681540807477,-0.34880416349076,NA,NA,NA,NA,NA,NA,0.161482425810067,0.160979009657889,0.161741325545473,NA,NA,2.17102045535628,0.0754564909982873,2.22134465396387,2.14588816296558
30514,0.990740740740741,-0.0277777777777778,0.972222222222222,1,0.42318785046729,-0.0461830158730159,0.392111428571429,0.438294444444444,-0.377957810504337,-0.0452545244965509,-0.408409453156221,-0.36315492865967,NA,NA,NA,NA,NA,NA,0.152841733125749,0.143524949816012,0.157370725012426,NA,NA,2.34113701432296,0.197882687052707,2.47945392911474,2.28157124206203
30576,1,0,1,1,0.516941388888889,-0.013569375,0.507895138888889,0.521464513888889,-0.294406526458521,-0.0111008589365742,-0.301807099082904,-0.29070624014633,NA,NA,NA,NA,NA,NA,0.179978790482623,0.177466603418915,0.181234884014477,NA,NA,1.9344552815734,0.0512343261804911,1.96891035851943,1.91767603233894
30819,0.990740740740741,0.0138888888888888,1,0.986111111111111,0.512335514018692,0.00453877151799686,0.515347222222222,0.510808450704225,-0.300051641481936,0.000554890081326809,-0.299683443390588,-0.300238333471915,NA,NA,NA,NA,NA,NA,0.178419212384024,0.179038514017145,0.178105200288356,NA,NA,1.93377330603046,0.0099483050492748,1.9404392938957,1.93049098884643
31431,1,0,1,1,0.47152962962963,-0.0271652777777778,0.453419444444444,0.480584722222222,-0.334202902092543,-0.0242590944852499,-0.350375631749376,-0.326116537264126,NA,NA,NA,NA,NA,NA,0.166893091530628,0.161625043270436,0.169527115660724,NA,NA,2.1207575031615,0.124664858752768,2.20546342300176,2.08079856424899
31831,0.972222222222222,0.0416666666666666,1,0.958333333333333,0.43034,0.0116649758454106,0.438005555555556,0.426340579710145,-0.374429599645279,0.000879887436574578,-0.373851387901244,-0.374731275337819,NA,NA,NA,NA,NA,NA,0.154496162213753,0.155804977689378,0.153813301965601,NA,NA,2.25919557146029,0.0352643877611762,2.28307606448422,2.24781167672304
32201,1,0,1,1,0.420569444444444,-0.000187500000000007,0.420444444444444,0.420631944444444,-0.38339889472335,-0.000846377628400119,-0.383963146475617,-0.383116768847217,NA,NA,NA,NA,NA,NA,0.151828910504264,0.151716090040145,0.151885320736323,NA,NA,2.37772860869852,0.00106020635263082,2.3784355179704,2.37737531161777
33296,1,0,1,1,0.513581481481482,-0.0962972222222223,0.449383333333333,0.545680555555556,-0.315858533344709,-0.0548695821441887,-0.352438254774168,-0.297568672629979,NA,NA,NA,NA,NA,NA,0.175263709052953,0.160637671190162,0.182576727984348,NA,NA,1.94711070406081,0.392697665681297,2.22527166858287,1.83257400290158
33333,0.990740740740741,-0.0277777777777778,0.972222222222222,1,0.395560747663551,0.00668214285714286,0.400057142857143,0.393375,-0.405821326382363,0.00663607224607143,-0.401355931973792,-0.407992004219863,NA,NA,NA,NA,NA,NA,0.144491048375772,0.145846204875964,0.143832291743734,NA,NA,2.50464877163046,-0.111895207791899,2.43020838292942,2.54210359072132
33686,1,0,1,1,0.498136111111111,-0.0131875,0.489344444444444,0.502531944444444,-0.306233230410276,-0.011459389644359,-0.313872823506516,-0.302413433862157,NA,NA,NA,NA,NA,NA,0.175144921602813,0.172621119445126,0.176406822681656,NA,NA,2.00748345220238,0.0536270783375887,2.04355032810336,1.98992324976577
34585,1,0,1,1,0.971108333333333,-0.0146708333333333,0.961327777777778,0.975998611111111,-0.0172659569359939,-0.00627735301478047,-0.0214508589458475,-0.0151735059310671,NA,NA,NA,NA,NA,NA,0.293538596903945,0.291485855638027,0.294564967536904,NA,NA,1.02975122926553,0.0156363035253353,1.04022792549656,1.02459162197123
35626,1,0,1,1,0.589697592592593,-0.0225068055555555,0.574693055555556,0.597199861111111,-0.232402878650413,-0.0166633713919127,-0.243511792911688,-0.226848421519775,NA,NA,NA,NA,NA,NA,0.2008595603551,0.196776033688657,0.202901323688322,NA,NA,1.69578443690693,0.0655780066750189,1.74005930702138,1.67448130034636
36133,0.990740740740741,-0.0277777777777778,0.972222222222222,1,0.498245654205608,-0.00376550396825398,0.495711857142857,0.499477361111111,-0.314646578821175,0.00678768696868715,-0.310079163290843,-0.31686685025953,NA,NA,NA,NA,NA,NA,0.173779648749526,0.174277541989319,0.173537617313515,NA,NA,1.98845836863416,-0.0408279312212727,1.96126481183209,2.00209274305336
36160,1,0,1,1,0.453800601851852,0.00380472222222222,0.456337083333333,0.452532361111111,-0.352578185882695,0.00143760171987128,-0.351619784736114,-0.353057386455986,NA,NA,NA,NA,NA,NA,0.161410754185573,0.161928258229218,0.161152002163751,NA,NA,2.20361100430286,-0.0184241538340841,2.19136256184893,2.20978671568301
37582,0.990740740740741,0.0138888888888888,1,0.986111111111111,0.501582242990654,-0.0443891236306729,0.472127777777778,0.516516901408451,-0.303837952509153,-0.0366280471528213,-0.328142544545137,-0.291514497392316,NA,NA,NA,NA,NA,NA,0.17606808194191,0.167722375107414,0.1802997079425,NA,NA,1.97523089101701,0.208915118856871,2.11807067295812,1.90915555410125
37602,1,0,1,1,0.479698101851852,0.0355534722222222,0.503400416666667,0.467846944444444,-0.3353080611784,0.0171744405360708,-0.323858434154353,-0.341032874690423,NA,NA,NA,NA,NA,NA,0.168038368213042,0.173590146548604,0.165262479045261,NA,NA,2.08464447980834,-0.150960961444143,1.98649021115563,2.13745117259978
37690,1,0,1,1,0.507426851851852,-0.016050486111111,0.496726527777778,0.512777013888889,-0.306765236460197,-0.00359393875383229,-0.309161195629419,-0.305567256875586,NA,NA,NA,NA,NA,NA,0.176544113260493,0.174546241124833,0.177543049328323,NA,NA,1.97072739913251,0.0630147600683781,2.01318017878718,1.9501654187188
38087,0.981481481481482,0.0277777777777778,1,0.972222222222222,0.405451886792453,-0.0394668253968254,0.379388888888889,0.418855714285714,-0.396304934797703,-0.0400481459589337,-0.422751823638508,-0.382703677679575,NA,NA,NA,NA,NA,NA,0.147451006734522,0.13954783844347,0.151515493284205,NA,NA,2.42071011001089,0.314679102091243,2.63581783570069,2.32113873360944
38934,0.990740740740741,-0.0277777777777778,0.972222222222222,1,0.511938598130841,-0.00144114285714292,0.510968857142857,0.51241,-0.306652713939641,-0.00494739265475785,-0.309981800585834,-0.305034407931076,NA,NA,NA,NA,NA,NA,0.177421575733927,0.176908211952754,0.177671127571997,NA,NA,1.93527259784293,-0.0488587464131107,1.90270347914845,1.95156222556156
39264,0.990740740740741,0.0138888888888888,1,0.986111111111111,0.40761308411215,-0.0126244522691706,0.399236111111111,0.411860563380282,-0.396279960857413,-0.0140232415535528,-0.405585102449023,-0.39156186089547,NA,NA,NA,NA,NA,NA,0.147896252046374,0.145321083568682,0.149201971274499,NA,NA,2.43059111534347,0.110499552338326,2.50478344059836,2.39428388826004
39321,1,0,1,1,0.623941388888889,0.00629187500000006,0.628135972222222,0.621844097222222,-0.211996464922985,0.000875875581167113,-0.211412547868874,-0.212288423450041,NA,NA,NA,NA,NA,NA,0.209415526210857,0.210062326683924,0.209092125974323,NA,NA,1.60271464244549,-0.0161081217833534,1.5920119913881,1.60812011317145
40697,0.962962962962963,0.0555555555555556,1,0.944444444444444,0.432730769230769,-0.0308562091503268,0.412555555555556,0.443411764705882,-0.373748080072243,-0.0277416410037455,-0.391886845343923,-0.364145204340177,NA,NA,NA,NA,NA,NA,0.155050405815559,0.14931854741079,0.158084919088672,NA,NA,2.22531659737241,0.293966971767936,2.42391597091301,2.12994899914507
41169,0.990740740740741,0.0138888888888888,1,0.986111111111111,0.477705747663551,-0.0215790414710485,0.463386944444444,0.484965985915493,-0.329189085806941,-0.0131621766670538,-0.337922866586014,-0.32476068991896,NA,NA,NA,NA,NA,NA,0.168515228098248,0.164970191340796,0.170312711524562,NA,NA,2.07395608193209,0.124662292144567,2.15802368191211,2.03336138976754
41538,1,0,1,1,0.464663888888889,0.00753333333333334,0.469686111111111,0.462152777777778,-0.341521336239863,0.00274042446344747,-0.339694386597564,-0.342434811061012,NA,NA,NA,NA,NA,NA,0.164635990134175,0.165710391360527,0.164098789520999,NA,NA,2.15209320954812,-0.0347051478311746,2.12908147876537,2.16378662659654
42031,0.972222222222222,0.0416666666666666,1,0.958333333333333,0.432752380952381,-0.0342216183574879,0.410263888888889,0.444485507246377,-0.371128574353931,-0.0316461145272048,-0.391924592471809,-0.360278477944604,NA,NA,NA,NA,NA,NA,0.155435176107762,0.148863355710834,0.158863951967028,NA,NA,2.24660167110485,0.281404767561842,2.43745556721622,2.15605079965438
42130,0.972222222222222,0.0416666666666666,1,0.958333333333333,0.308852380952381,-0.0162059178743962,0.298202777777778,0.314408695652174,-0.515298271682942,-0.0189430763172976,-0.527746578977166,-0.508803502659869,NA,NA,NA,NA,NA,NA,0.116589408006661,0.113223110865349,0.118345736949953,NA,NA,3.14785406291597,0.305373110903443,3.35342282004229,3.04804970913885
42318,0.953703703703704,-0.013888888888889,0.944444444444444,0.958333333333333,0.407212621359223,-0.0275952685421995,0.388726470588235,0.416321739130435,-0.396958633857409,-0.0280492742322129,-0.415748924362483,-0.38769965013027,NA,NA,NA,NA,NA,NA,0.147719636104329,0.142101261681686,0.150488110457516,NA,NA,2.34202884115027,0.1276805605894,2.42958613807615,2.30190557748675
42882,0.962962962962963,0.0555555555555556,1,0.944444444444444,0.441095192307692,-0.0473916666666667,0.410108333333333,0.4575,-0.364032321722628,-0.0409859875830267,-0.390830852065376,-0.34984486448235,NA,NA,NA,NA,NA,NA,0.157785874366893,0.148929717642384,0.162474427926927,NA,NA,2.18311824693667,0.374020661409739,2.43838010281836,2.06435944140862
42900,0.981481481481482,0.0277777777777778,1,0.972222222222222,0.556199056603774,0.0168899206349207,0.567352777777778,0.550462857142857,-0.265658420718047,0.00683182856116454,-0.261146835819165,-0.267978664380329,NA,NA,NA,NA,NA,NA,0.190380936527949,0.192838631494765,0.189116979116443,NA,NA,1.76462270086278,-0.00361862714331807,1.76257178808012,1.76619041522344
42942,1,0,1,1,0.530421296296296,-0.0249736111111112,0.513772222222222,0.538745833333333,-0.307920863434813,-0.00555347252994737,-0.311623178454778,-0.30606970592483,NA,NA,NA,NA,NA,NA,0.17955638779974,0.177053413049947,0.180807875174636,NA,NA,1.88529383526372,0.0902249812343043,1.94638782858811,1.85616284735381
43006,0.962962962962963,0.0138888888888888,0.972222222222222,0.958333333333333,0.544416201923077,0.077630850931677,0.595921285714286,0.518290434782609,-0.289136375663597,0.0215000291352475,-0.274871933256558,-0.296371962391806,NA,NA,NA,NA,NA,NA,0.184734943544441,0.194099754631424,0.179984677051044,NA,NA,1.76879923771818,-0.217566820301326,1.63146080787648,1.84902762817781
43182,0.972222222222222,0.0416666666666666,1,0.958333333333333,0.445781904761905,-0.0363124396135266,0.421919444444444,0.458231884057971,-0.357963308202195,-0.0281729114252494,-0.376476935710216,-0.348304024284966,NA,NA,NA,NA,NA,NA,0.159285194887787,0.15272219616371,0.162709368135131,NA,NA,2.18093693762983,0.278748675355289,2.37012067864455,2.09137200328927
43332,0.981481481481482,-0.013888888888889,0.972222222222222,0.986111111111111,0.449398113207547,-0.0279709456740442,0.430662857142857,0.458633802816901,-0.350842431990962,-0.0258740202109352,-0.368173143641683,-0.342299123430748,NA,NA,NA,NA,NA,NA,0.16083633054319,0.155326627488076,0.163552381345006,NA,NA,2.18399110418205,0.107396301951395,2.25750190920161,2.15010560725022
43669,0.990740740740741,-0.0277777777777778,0.972222222222222,1,0.498103785046729,-0.0249459662698413,0.481317714285714,0.506263680555556,-0.316138639273489,-0.020177733867719,-0.329716179819991,-0.309538445952272,NA,NA,NA,NA,NA,NA,0.173748761181689,0.169152970595777,0.17598282604984,NA,NA,1.98902471830804,0.0446625436271713,2.01991780764816,1.97525526402099
43799,0.990740740740741,0.0138888888888888,1,0.986111111111111,0.450832710280374,0.0450949921752739,0.480755555555556,0.435660563380282,-0.359459460954825,0.0348909847572942,-0.336307499106527,-0.371198483863821,NA,NA,NA,NA,NA,NA,0.16008997131078,0.168170608701037,0.155992746718536,NA,NA,2.19757954147692,-0.183425743913339,2.08005916612739,2.26348491004073
44151,0.981481481481482,0.0277777777777778,1,0.972222222222222,0.438527735849057,-0.057794123015873,0.400361805555556,0.458155928571429,-0.368268893469189,-0.0540059906652957,-0.403933226927403,-0.349927236262107,NA,NA,NA,NA,NA,NA,0.156772901861527,0.145661301599461,0.162487439139161,NA,NA,2.23812863188957,0.375707272827256,2.49774075879283,2.12203348596557
44323,0.972222222222222,0,0.972222222222222,0.972222222222222,0.417152380952381,-0.0162657142857143,0.406308571428571,0.422574285714286,-0.387075667309893,-0.0138957517627352,-0.396339501818384,-0.382443750055648,NA,NA,NA,NA,NA,NA,0.150740042186743,0.147651404828766,0.152284360865732,NA,NA,2.33061650038431,0.0921042420036016,2.39281740674067,2.30071316473707
44526,0.990740740740741,0.0138888888888888,1,0.986111111111111,0.499579439252336,-0.029285172143975,0.480147222222222,0.509432394366197,-0.308040977204095,-0.019461408676883,-0.320954622213989,-0.301493213537106,NA,NA,NA,NA,NA,NA,0.175124959712886,0.170057778467223,0.177694234710687,NA,NA,1.98314955119744,0.146988997870917,2.08269454391882,1.9357055460479
44713,0.972222222222222,0.0416666666666666,1,0.958333333333333,0.474248571428571,-0.020668115942029,0.460666666666667,0.481334782608696,-0.356086936658145,-0.0290374414899415,-0.375168683922963,-0.346131242433022,NA,NA,NA,NA,NA,NA,0.163278385112769,0.158112877641412,0.165973432489129,NA,NA,2.05002667544915,0.179775769219395,2.17076700434153,1.99099123512214
45158,0.972222222222222,0.0416666666666666,1,0.958333333333333,0.384042857142857,-0.0161582427536232,0.373424583333333,0.389582826086956,-0.422423147007139,-0.0161648977788981,-0.433045794118986,-0.416880896340088,NA,NA,NA,NA,NA,NA,0.140572775166881,0.137392686369659,0.142231951930649,NA,NA,2.53154616506921,0.218020642111509,2.67791689308082,2.45989625096931
45722,0.953703703703704,-0.013888888888889,0.944444444444444,0.958333333333333,0.392320388349515,-0.0211309462915601,0.378164705882353,0.399295652173913,-0.412832411619919,-0.0181650825879174,-0.425001253353572,-0.406836170765655,NA,NA,NA,NA,NA,NA,0.143104937881871,0.13910426249037,0.145076285176235,NA,NA,2.43093076991466,0.0973825411515952,2.4974420662574,2.4000595251058
46540,0.981481481481482,0.0277777777777778,1,0.972222222222222,0.449249056603774,-0.0501424603174603,0.416136111111111,0.466278571428571,-0.364613380778296,-0.0340107861426059,-0.387073333891337,-0.353062547748731,NA,NA,NA,NA,NA,NA,0.159187095956818,0.15055239558243,0.163627799006503,NA,NA,2.18471573185099,0.317992552847961,2.40305989626791,2.08506734341995
46547,0.972222222222222,0.0416666666666666,1,0.958333333333333,0.388291428571429,-0.0122158212560387,0.380263888888889,0.392479710144928,-0.414607493253349,-0.0145484158458778,-0.424167880809212,-0.409619464963334,NA,NA,NA,NA,NA,NA,0.14218584904642,0.139638125168903,0.143515096286863,NA,NA,2.50384672615398,0.188012919034862,2.62975273019467,2.44173981115981
46720,0.953703703703704,0.0694444444444444,1,0.930555555555556,0.424143689320388,-0.0276790215588723,0.406138888888889,0.433817910447761,-0.379455618629553,-0.0298791646288868,-0.398891580087178,-0.369012415458291,NA,NA,NA,NA,NA,NA,0.152885835098643,0.147311323444573,0.155881095091875,NA,NA,2.24853918074754,0.317174687890452,2.46221188701183,2.14503719912138
47034,0.990740740740741,0.0138888888888888,1,0.986111111111111,0.445992523364486,-0.027881572769953,0.427491666666667,0.45537323943662,-0.354881580556756,-0.026340595678728,-0.372359919745444,-0.346019324066716,NA,NA,NA,NA,NA,NA,0.159760856331417,0.154270196743837,0.16254485274202,NA,NA,2.22142903487882,0.173726092514047,2.33922688551434,2.16550079300029
47403,1,0,1,1,0.394441666666667,-0.00422916666666667,0.391622222222222,0.395851388888889,-0.408999491194423,-0.00212557299175276,-0.410416539855591,-0.408290966863839,NA,NA,NA,NA,NA,NA,0.143949188582788,0.143247161564467,0.144300202091949,NA,NA,2.53522912133184,0.0272806868261131,2.55348124609885,2.52620055927274
47648,0.981481481481482,0.0277777777777778,1,0.972222222222222,0.434841509433962,-0.0511969206349207,0.401032222222222,0.452229142857143,-0.372031849765939,-0.0453872064862589,-0.402004533294601,-0.356617326808342,NA,NA,NA,NA,NA,NA,0.155692506174133,0.146017736534218,0.160668101988947,NA,NA,2.25710163401623,0.343720966939815,2.49356521642761,2.14984424948779
47824,0.990740740740741,-0.0277777777777778,0.972222222222222,1,0.408677570093458,0.0190343253968254,0.421485714285714,0.402451388888889,-0.396519702532546,0.0166842025787399,-0.38529294939545,-0.40197715197419,NA,NA,NA,NA,NA,NA,0.148106826426387,0.151800104655878,0.146311482842607,NA,NA,2.42426013376309,-0.17811692481857,2.30665521812485,2.48477214294342
48075,0.972222222222222,0,0.972222222222222,0.972222222222222,0.45107780952381,-0.0286162857142857,0.432000285714286,0.460616571428571,-0.352410781701318,-0.0248843808414588,-0.369000368928957,-0.344115988087498,NA,NA,NA,NA,NA,NA,0.161042574054855,0.155544232074154,0.163791745045206,NA,NA,2.15533152306599,0.139815465986215,2.25051291485771,2.1106974488715
48855,1,0,1,1,0.611501851851852,0.0361305555555556,0.635588888888889,0.599458333333333,-0.225045348303281,0.00942555192625472,-0.218761647019111,-0.228187198945366,NA,NA,NA,NA,NA,NA,0.20512165871735,0.20912557203212,0.203119702059965,NA,NA,1.63531802393015,-0.0948286004881718,1.57334405538171,1.66817265586988
48948,0.990740740740741,0.0138888888888888,1,0.986111111111111,0.56526261682243,-0.0175551251956182,0.553613888888889,0.571169014084507,-0.276366185829069,-0.0138012830059506,-0.285524046515261,-0.27172276350931,NA,NA,NA,NA,NA,NA,0.189877500189586,0.186917925816681,0.191378129449087,NA,NA,1.75270876094743,0.0798344093398917,1.80631306415924,1.72647865481934
49680,1,0,1,1,0.52100912037037,-0.0239007638888888,0.505075277777778,0.528976041666667,-0.288808477770636,-0.0157564263965299,-0.299312762034989,-0.283556335638459,NA,NA,NA,NA,NA,NA,0.181378888612701,0.177244579533248,0.183446043152428,NA,NA,1.91935219730727,0.0894580995510972,1.97990288576345,1.89044478621236
50041,1,0,1,1,0.518560185185185,-0.0281444444444444,0.499797222222222,0.527941666666667,-0.290195948674587,-0.0252305882384908,-0.307016340833581,-0.28178575259509,NA,NA,NA,NA,NA,NA,0.180797643394127,0.175310292021662,0.18354131908036,NA,NA,1.92841646653394,0.106662781094595,2.00081144019519,1.8941486591006
50170,0.981481481481482,-0.013888888888889,0.972222222222222,0.986111111111111,0.420641509433962,0.0200289738430584,0.434057142857143,0.414028169014085,-0.382517095939334,0.0181104770078074,-0.370386493415237,-0.388496970423044,NA,NA,NA,NA,NA,NA,0.15183381068964,0.155704708596723,0.149925621580514,NA,NA,2.33329678471869,-0.141900381347366,2.23984845825288,2.38174883960025
50707,0.990740740740741,0.0138888888888888,1,0.986111111111111,0.495297196261682,0.0170840375586855,0.506633333333333,0.489549295774648,-0.331808108769801,0.0151131415426279,-0.321779762512543,-0.336892904055171,NA,NA,NA,NA,NA,NA,0.171077675533793,0.174246647735563,0.169470872727262,NA,NA,2.00029547556191,-0.0405103733820087,1.97381406671492,2.01432444009692
50955,0.962962962962963,0.0138888888888888,0.972222222222222,0.958333333333333,0.386627259615385,0.019577016563147,0.399615857142857,0.38003884057971,-0.426430187729306,-0.000484535818591592,-0.426751658608948,-0.426267122790357,NA,NA,NA,NA,NA,NA,0.140344609297977,0.142247588841039,0.139379329819612,NA,NA,2.49067529258262,-0.0887800785177482,2.43289200076629,2.52167207928404
51305,0.981481481481482,0.0277777777777778,1,0.972222222222222,0.489231132075472,-0.0348420634920635,0.466222222222222,0.501064285714286,-0.318677885422084,-0.0279537322582976,-0.337137897290771,-0.309184165032474,NA,NA,NA,NA,NA,NA,0.172003617102262,0.1655479547742,0.175323672013838,NA,NA,2.00617135160171,0.204585557907639,2.14489990467112,1.94031434676348
51600,0.981481481481482,-0.013888888888889,0.972222222222222,0.986111111111111,0.3895825,-0.0317331368209256,0.368327285714286,0.400060422535211,-0.433169045522111,-0.00701131191195697,-0.437865301614082,-0.430853989702125,NA,NA,NA,NA,NA,NA,0.139856021962374,0.135902382339863,0.141804999241078,NA,NA,2.51931614351641,0.174655245828565,2.63956068401726,2.4649054381887
51716,1,0,1,1,0.610635185185185,0.0143930555555555,0.620230555555556,0.6058375,-0.240080682378893,0.0065148469438156,-0.235737451083016,-0.242252298026831,NA,NA,NA,NA,NA,NA,0.202660234610195,0.205051547287048,0.201464578271768,NA,NA,1.63763900977428,-0.0383039614950613,1.61230366843871,1.65060762993377
51895,1,0,1,1,0.437068518518519,-0.000952777777777802,0.436433333333333,0.437386111111111,-0.370106527467669,-0.014075566500264,-0.379490238467845,-0.365414671967581,NA,NA,NA,NA,NA,NA,0.156173731062606,0.154580197719599,0.15697049773411,NA,NA,2.28797078176572,0.00499124304355147,2.29130069502788,2.28630945198433
52712,0.981481481481482,0.0277777777777778,1,0.972222222222222,0.397628301886792,-0.00922111111111112,0.391538888888889,0.40076,-0.408707513034447,-0.00243471788556121,-0.410315345600383,-0.407880627714822,NA,NA,NA,NA,NA,NA,0.144391789745137,0.143245778766383,0.144981166819926,NA,NA,2.46833909161958,0.128078459617663,2.55402471728365,2.42594625766599
53670,0.981481481481482,-0.013888888888889,0.972222222222222,0.986111111111111,1.59665443396226,2.5137774084507,3.280411,0.766633591549296,-0.172418825768417,0.0219134798216625,-0.157740928906738,-0.1796544087284,NA,NA,NA,NA,NA,NA,0.242761479878173,0.264252773247085,0.232167180330117,NA,NA,0.614711274152061,-0.989915299144927,0.296372077225147,1.28628737637007
54209,1,0,1,1,0.38460462962963,0.00825555555555557,0.390108333333333,0.381852777777778,-0.420468873224267,0.0103238724966614,-0.413586291559826,-0.423910164056487,NA,NA,NA,NA,NA,NA,0.140874509320794,0.142661480796551,0.139981023582916,NA,NA,2.60007270573677,-0.0554198214788659,2.56339051118279,2.61881033266166
54389,1,0,1,1,0.403716666666667,-0.0197583333333333,0.390544444444444,0.410302777777778,-0.401896860437666,-0.0175112145469813,-0.413571003468987,-0.396059788922005,NA,NA,NA,NA,NA,NA,0.146533451450645,0.142748371491678,0.148425991430128,NA,NA,2.47698468397804,0.123303494930867,2.56052803778201,2.43722454285115
54910,1,0,1,1,1.62062962962963,-0.766698611111111,1.10949722222222,1.87619583333333,-0.119742088530309,-0.0394245784790576,-0.146025140849681,-0.106600562370623,NA,NA,NA,NA,NA,NA,0.288358784352567,0.264365854276484,0.300355249390609,NA,NA,0.617044130082044,0.368315749556771,0.901309151542616,0.532993401985845
55091,0.990740740740741,0.0138888888888888,1,0.986111111111111,0.505306121495327,-0.00794170970266039,0.500036388888889,0.507978098591549,-0.306188340758082,-0.00429497171665644,-0.309038275261658,-0.304743303545002,NA,NA,NA,NA,NA,NA,0.176469658913301,0.175166097675629,0.177130619540853,NA,NA,1.96067432907579,0.0586071574757043,1.99985445503688,1.94124729756118
56054,0.944444444444444,0.0416666666666666,0.972222222222222,0.930555555555556,0.430195980392157,0.0062737910447761,0.434317,0.428043208955224,-0.380570693579358,0.00244685240934628,-0.378963447388905,-0.381410299798251,NA,NA,NA,NA,NA,NA,0.153971798985101,0.154974376766322,0.153448064323268,NA,NA,2.19538184337174,0.0645325812356115,2.23850832968137,2.17397574844576
56438,1,0,1,1,0.506651990740741,-0.0495677777777778,0.473606805555556,0.523174583333333,-0.302396299266689,-0.0370377036318095,-0.327088101687896,-0.290050398056086,NA,NA,NA,NA,NA,NA,0.177077814403732,0.168113308754231,0.181560067228483,NA,NA,1.97374138121508,0.200048305722524,2.11145614520249,1.91140783947997
56904,1,0,1,1,0.483068564814815,0.0220823611111111,0.497790138888889,0.475707777777778,-0.327024397005054,0.00900887090982028,-0.321018483065174,-0.330027353974995,NA,NA,NA,NA,NA,NA,0.169619211644796,0.172674827546308,0.16809140369404,NA,NA,2.0700995114086,-0.0932521742124921,2.00887868576924,2.10213085998173
57315,0.981481481481482,-0.013888888888889,0.972222222222222,0.986111111111111,0.509614150943396,-0.0300295774647887,0.4895,0.519529577464789,-0.300338388059897,-0.0252288670839565,-0.317236968842547,-0.292008101758591,NA,NA,NA,NA,NA,NA,0.17795994539414,0.172255495225807,0.180771998294022,NA,NA,1.92593058820004,0.0880690313553998,1.98615367154693,1.89808464019153
57521,1,0,1,1,0.502365740740741,-0.0134902777777778,0.493372222222222,0.5068625,-0.30811867843715,-0.0121416438269834,-0.316213107655138,-0.304071463828155,NA,NA,NA,NA,NA,NA,0.175639416839075,0.172994146166371,0.176962052175428,NA,NA,1.99058160002212,0.0539456011064428,2.0268672514554,1.97292165034896
58290,0.981481481481482,-0.013888888888889,0.972222222222222,0.986111111111111,0.391810377358491,-0.048677384305835,0.359205714285714,0.407883098591549,-0.412054556545438,-0.0515215044074501,-0.446564243459862,-0.395042739052412,NA,NA,NA,NA,NA,NA,0.143137466454012,0.133152115582243,0.14805982251756,NA,NA,2.50499103188241,0.288957259308793,2.70658896436406,2.41763170505526
59145,0.981481481481482,-0.013888888888889,0.972222222222222,0.986111111111111,0.409453773584906,-0.00214909456740442,0.408014285714286,0.41016338028169,-0.391096792076215,-0.0015471592453406,-0.392133096853754,-0.390585937608414,NA,NA,NA,NA,NA,NA,0.148775598186124,0.148376132050995,0.148972518111892,NA,NA,2.39705076567809,-0.0213768374239325,2.38281417161708,2.40419100904102
59464,0.983796296296296,-0.00173611111111116,0.982638888888889,0.984375,0.474443647058824,-0.0417366793177158,0.446602826855124,0.488339506172839,-0.351974994890929,-0.0128287363087236,-0.360532516640395,-0.347703780331672,NA,NA,NA,NA,NA,NA,0.16273620434956,0.159117989835534,0.164542120941216,NA,NA,2.07357881677847,0.184492779424114,2.20025228189533,2.01575950247121
60182,0.972222222222222,0.0416666666666666,1,0.958333333333333,0.471689333333333,-0.0171904106280193,0.460392777777778,0.477583188405797,-0.342867253629495,-0.0154387681138635,-0.353012729818605,-0.337573961704742,NA,NA,NA,NA,NA,NA,0.165572118686553,0.162148084603303,0.167358571251726,NA,NA,2.06114947597336,0.165427184998472,2.17205839941017,2.00663121441169
60777,0.981481481481482,0.0277777777777778,1,0.972222222222222,0.522378301886792,0.0215146825396825,0.536586111111111,0.515071428571429,-0.305975094430853,0.00934402199034118,-0.299804513871194,-0.309148535861535,NA,NA,NA,NA,NA,NA,0.178894489643778,0.182311301808268,0.177137271959184,NA,NA,1.87887107472964,-0.0239145690943317,1.86363377525612,1.88754834435045
61063,0.990740740740741,0.0138888888888888,1,0.986111111111111,0.437682242990654,-0.00393759780907671,0.435069444444444,0.439007042253521,-0.366213184339295,-0.0168361746003251,-0.377384851597455,-0.36054867699713,NA,NA,NA,NA,NA,NA,0.156711027270993,0.154630207298894,0.157766090918818,NA,NA,2.26360734667021,0.0522529044484283,2.29848363926576,2.24623073481733
61395,1,0,1,1,0.491845138888889,-0.0425747916666667,0.463461944444444,0.506036736111111,-0.315501631066782,-0.031163917348772,-0.336277575965964,-0.305113658617192,NA,NA,NA,NA,NA,NA,0.17277790230137,0.165149556653992,0.176592075125059,NA,NA,2.03316027939011,0.181533343329487,2.15767445846866,1.97614111513918
61643,1,0,1,1,0.405825,-0.0171583333333333,0.394386111111111,0.411544444444444,-0.395365003606008,-0.0209815151268111,-0.409352680357215,-0.388371165230404,NA,NA,NA,NA,NA,NA,0.147589207016202,0.143865684834191,0.149450968107207,NA,NA,2.46411630628966,0.10571503184507,2.53558624867058,2.42987121682551
62415,1,0,1,1,0.470665740740741,-0.0139444444444445,0.461369444444444,0.475313888888889,-0.333906410606325,-0.0127366572151856,-0.342397515416448,-0.329660858201263,NA,NA,NA,NA,NA,NA,0.166752917621443,0.164056750921439,0.168101000971445,NA,NA,2.12465007210039,0.0635875193669411,2.1674603986923,2.10387287932536
62705,0.953703703703704,0.0694444444444444,1,0.930555555555556,0.429808786407767,-0.0251720688225539,0.413434722222222,0.438606791044776,-0.374134894351131,-0.0210696281173269,-0.387840380602207,-0.366770752484881,NA,NA,NA,NA,NA,NA,0.15455842824556,0.149915956666834,0.157052890586369,NA,NA,2.21890229763453,0.297144683407042,2.4187615269104,2.12161684350336
63424,0.907407407407407,0.0138888888888888,0.916666666666667,0.902777777777778,0.410678316326531,-0.0221751585081585,0.395970303030303,0.418145461538462,-0.399462072135164,-0.0177083631981,-0.411207415072679,-0.393499051874579,NA,NA,NA,NA,NA,NA,0.148151698741292,0.144149551907177,0.150183557903227,NA,NA,2.2095332802668,0.155984292725006,2.31498842123147,2.15900412850646
63525,0.990740740740741,0.0138888888888888,1,0.986111111111111,0.463202803738318,-0.0328786776212832,0.441386111111111,0.474264788732394,-0.340757789201246,-0.0306770460109308,-0.361113586087004,-0.330436540076073,NA,NA,NA,NA,NA,NA,0.164581515345658,0.158177948289414,0.16782839441643,NA,NA,2.1388919340403,0.186348422314898,2.26559009181933,2.07924166950443
63685,0.981481481481482,0.0277777777777778,1,0.972222222222222,0.495461320754717,0.0113820634920634,0.502977777777778,0.491595714285714,-0.320245532216065,0.0025512615654254,-0.318560736842671,-0.321111998408097,NA,NA,NA,NA,NA,NA,0.172785332680455,0.174265495739692,0.172024105964276,NA,NA,1.98094470822955,0.0104728764601052,1.98815940620306,1.97768652974295
64203,0.990740740740741,0.0138888888888888,1,0.986111111111111,0.463276635514019,0.0382847809076682,0.488680555555556,0.450395774647887,-0.350824849046276,0.0167371859802538,-0.339718865825734,-0.356456051805988,NA,NA,NA,NA,NA,NA,0.162881976771101,0.168046298612375,0.160263447386794,NA,NA,2.13855106170309,-0.143105860977148,2.04632655961347,2.18943242059062
64263,0.981481481481482,0.0277777777777778,1,0.972222222222222,0.464090424528302,-0.0557736785714286,0.42725875,0.483032428571429,-0.344443737497446,-0.0489796979254941,-0.37678882103315,-0.327809123107655,NA,NA,NA,NA,NA,NA,0.164375869486767,0.153831999006095,0.169798431448256,NA,NA,2.11484967068444,0.327754784199256,2.34050209621219,2.01274731201293
64310,0.990740740740741,0.0138888888888888,1,0.986111111111111,0.435299065420561,0.00306572769953051,0.437333333333333,0.434267605633803,-0.368155802317658,0.00288394952959231,-0.366242153564377,-0.36912610309397,NA,NA,NA,NA,NA,NA,0.156266841767071,0.156881637682294,0.155955114260761,NA,NA,2.27600015585502,0.0158400965354319,2.28658536585366,2.27074526931823
64405,1,0,1,1,0.736771296296296,0.0341305555555556,0.759525,0.725394444444444,-0.23665218455876,-0.0515386180836259,-0.271011263281178,-0.219472645197552,NA,NA,NA,NA,NA,NA,0.210547839726136,0.200600575660713,0.215521471758848,NA,NA,1.35727328823332,-0.061947967095191,1.31661235640696,1.37856032350216
65348,0.916666666666667,0.0833333333333334,0.972222222222222,0.888888888888889,0.414182878787879,-0.00169319866071427,0.413088285714286,0.414781484375,-0.388884154120798,-0.000481446171323285,-0.389195392049735,-0.388713945878411,NA,NA,NA,NA,NA,NA,0.149954026135552,0.14970342818773,0.150091071888267,NA,NA,2.21319304494026,0.21051651848203,2.35354585410506,2.14302933562303
66088,0.990740740740741,0.0138888888888888,1,0.986111111111111,0.469542990654206,0.00860489045383411,0.475252777777778,0.466647887323944,-0.337202917397622,0.00889634312840004,-0.331299736443263,-0.340196079571663,NA,NA,NA,NA,NA,NA,0.166124079255478,0.167906248287413,0.165220444253371,NA,NA,2.11001071352457,-0.00903686646785973,2.10414340906301,2.11318027553087
66400,0.953703703703704,0.0277777777777778,0.972222222222222,0.944444444444444,0.441472815533981,-0.0430024369747899,0.413082857142857,0.456085294117647,-0.367327130511797,-0.0293826011362385,-0.386725352621158,-0.35734275148492,NA,NA,NA,NA,NA,NA,0.157210737470011,0.149928008836764,0.160959200737123,NA,NA,2.16027730393809,0.282814019083769,2.35357678347324,2.07076276438947
66857,0.990740740740741,0.0138888888888888,1,0.986111111111111,0.458072897196262,-0.0157998435054773,0.447588888888889,0.463388732394366,-0.346248280369297,-0.0110531157504812,-0.353582590820551,-0.34252947507007,NA,NA,NA,NA,NA,NA,0.162944653647636,0.160198638750286,0.16433699922939,NA,NA,2.16284514278141,0.106150164078999,2.23419308393119,2.12804291985219
67504,1,0,1,1,0.431738888888889,-0.0393208333333333,0.405525,0.444845833333333,-0.370903419321394,-0.0351489015017518,-0.394336020322562,-0.35918711882081,NA,NA,NA,NA,NA,NA,0.155263232875998,0.147640711895741,0.159074493366127,NA,NA,2.31621479031822,0.217969412326037,2.46593921459836,2.24796980227232
68081,0.962962962962963,0.0555555555555556,1,0.944444444444444,0.440818221153846,-0.0130212826797386,0.432304305555556,0.445325588235294,-0.363680046096785,-0.0125717069084922,-0.371900008306184,-0.359328301397691,NA,NA,NA,NA,NA,NA,0.157757189617242,0.155211249654523,0.159105040185741,NA,NA,2.1844899252177,0.192390014324357,2.31318538156796,2.1207953672436
68315,1,0,1,1,0.390037037037037,0.00548194444444444,0.393691666666667,0.388209722222222,-0.414491592394304,-0.000455370006982092,-0.414795172398959,-0.414339802391977,NA,NA,NA,NA,NA,NA,0.142508760228941,0.143173973539513,0.142176153573655,NA,NA,2.56385908270819,-0.0358683996694849,2.54005884469657,2.57592724436605
68548,0.953703703703704,0.0694444444444444,1,0.930555555555556,0.42852427184466,0.00261028192371476,0.430222222222222,0.427611940298507,-0.373732220051474,-0.00240900742830213,-0.375299244300952,-0.37289023687265,NA,NA,NA,NA,NA,NA,0.154285507700112,0.154372086217363,0.154238987899798,NA,NA,2.22555352488743,0.148211850377486,2.32438016528926,2.17616831491177
69310,1,0,1,1,0.456011111111111,-0.0483291666666667,0.423791666666667,0.472120833333333,-0.346754781002431,-0.040795215935278,-0.373951591625949,-0.333156375690671,NA,NA,NA,NA,NA,NA,0.162487723908647,0.153348749036274,0.167057211344833,NA,NA,2.19292902219731,0.241548157506819,2.35964998525219,2.11810182774537
69511,0.935185185185185,-0.0694444444444445,0.888888888888889,0.958333333333333,0.520211881188119,-0.0325084692028985,0.498003125,0.530511594202899,-0.305417802238452,-0.0188529908535363,-0.318297568267106,-0.299444577413569,NA,NA,NA,NA,NA,NA,0.17883509438534,0.173536898315972,0.181292228794322,NA,NA,1.79770055049359,-0.021526154763162,1.78490624710214,1.8064324018653
69626,0.990740740740741,0.0138888888888888,1,0.986111111111111,0.437081308411215,-0.0172358372456964,0.425644444444444,0.442880281690141,-0.363551269747498,-0.0161829383598257,-0.374289481182522,-0.358106542822697,NA,NA,NA,NA,NA,NA,0.157013813407242,0.15369009203592,0.158699080581433,NA,NA,2.26671953633083,0.122792547740403,2.34937871984964,2.22658617210924
69703,0.962962962962963,0.0138888888888888,0.972222222222222,0.958333333333333,0.442825961538462,0.00905171842650104,0.448831428571429,0.439779710144928,-0.366653064454318,-0.00800483709751254,-0.371963965990167,-0.363959128892655,NA,NA,NA,NA,NA,NA,0.157608108332882,0.157623163244826,0.157600471783345,NA,NA,2.17458560834475,-0.0130024395734636,2.16611885962772,2.17912129920118
69714,0.990740740740741,0.0138888888888888,1,0.986111111111111,0.478830841121495,-0.00985062597809078,0.472294444444444,0.482145070422535,-0.331598403904076,-0.00413830214749544,-0.334344380095405,-0.330206077947909,NA,NA,NA,NA,NA,NA,0.168563813741406,0.167098760039379,0.169306657872011,NA,NA,2.0690829738959,0.0720651319749663,2.11732323291732,2.04525810094235
69720,0.990740740740741,0.0138888888888888,1,0.986111111111111,0.465821495327103,-0.011871048513302,0.457944444444444,0.469815492957746,-0.337809901141354,-0.0107658606986274,-0.344953603100256,-0.334187742401629,NA,NA,NA,NA,NA,NA,0.165430717751987,0.163139503969925,0.166592459951342,NA,NA,2.1268678038248,0.0847382723375465,2.1836709935703,2.09893272123276
70104,1,0,1,1,0.415182407407407,-0.00943194444444445,0.408894444444444,0.418326388888889,-0.385271518258565,-0.00999042430211783,-0.391931801126644,-0.381941376824526,NA,NA,NA,NA,NA,NA,0.150496645645709,0.148558103641967,0.15146591664758,NA,NA,2.40857989683249,0.0551410158142591,2.44561894539476,2.3904779295805
70172,0.990740740740741,0.0138888888888888,1,0.986111111111111,0.473419626168224,-0.0419682609546166,0.445571527777778,0.487539788732394,-0.335661936357428,-0.0345796879787112,-0.3586073367919,-0.324027648813189,NA,NA,NA,NA,NA,NA,0.167027146528048,0.159250220838788,0.170970376454996,NA,NA,2.09273271739835,0.221681633523129,2.24430857372632,2.02262694020319
70531,0.990740740740741,0.0138888888888888,1,0.986111111111111,0.631214953271028,0.0313616197183099,0.652025,0.62066338028169,-0.265306978381419,0.0203693525837237,-0.251790865919322,-0.272160218503046,NA,NA,NA,NA,NA,NA,0.199925686107477,0.205885158870582,0.196903981607875,NA,NA,1.56957742462628,-0.0551183002873532,1.53368352440474,1.58880182469209
70661,0.972222222222222,0,0.972222222222222,0.972222222222222,0.384455238095238,0.00201714285714283,0.3858,0.383782857142857,-0.421333353198156,-0.00803344297816683,-0.426688981850268,-0.418655538872101,NA,NA,NA,NA,NA,NA,0.140658631070131,0.140264080026084,0.140855906592154,NA,NA,2.52883073472751,-0.0132450744948098,2.52001612810322,2.53326120259803
70695,1,0,1,1,0.534823009259259,0.0214921527777778,0.549151111111111,0.527658958333333,-0.286572680558203,0.00395244379454124,-0.283937718028508,-0.28789016182305,NA,NA,NA,NA,NA,NA,0.18392847950402,0.186355280605979,0.18271507895304,NA,NA,1.86977744541137,-0.0741711028653995,1.82099240039172,1.89516350325712
71259,0.990740740740741,0.0138888888888888,1,0.986111111111111,0.419623364485981,-0.00862535211267601,0.4139,0.422525352112676,-0.380986803454044,-0.00614612444625595,-0.38506507294642,-0.378918948500164,NA,NA,NA,NA,NA,NA,0.151820234263009,0.150252984043496,0.152614896346142,NA,NA,2.36102377653435,0.0821917695345311,2.41604252234839,2.33385075281386
72547,0.972222222222222,-0.0833333333333334,0.916666666666667,1,0.473991428571429,0.0974512626262626,0.540815151515151,0.443363888888889,-0.36193745169697,0.012010781603193,-0.353701487169066,-0.365712268772259,NA,NA,NA,NA,NA,NA,0.161636474638145,0.169670410965486,0.157954253821448,NA,NA,2.05113882576405,-0.560511408536348,1.69497223607461,2.25548364461096
72608,0.990740740740741,0.0138888888888888,1,0.986111111111111,0.394628971962617,-0.0249600938967136,0.378066666666667,0.40302676056338,-0.410562959249406,-0.0282962313557785,-0.429338963233147,-0.401042731877368,NA,NA,NA,NA,NA,NA,0.143908432494471,0.138698339219344,0.146550169929747,NA,NA,2.51056260723451,0.198272788169497,2.64503614882737,2.44676336065787
72828,1,0,1,1,0.456705555555556,-0.0220833333333333,0.441983333333333,0.464066666666667,-0.34300152667333,-0.0206307827586313,-0.356755381845751,-0.336124599087119,NA,NA,NA,NA,NA,NA,0.163084951386061,0.158742195312874,0.165256329422655,NA,NA,2.18959456007396,0.107665945901619,2.26252875296957,2.15486280706795
72903,0.925925925925926,0.0694444444444444,0.972222222222222,0.902777777777778,0.9001565,-0.33931043956044,0.679604714285714,1.01891515384615,-0.163701660437364,-0.0875779713228741,-0.220627341797232,-0.133049370474358,NA,NA,NA,NA,NA,NA,0.242595521838807,0.214823755293773,0.25754954997844,NA,NA,1.02862771743128,0.544551556474987,1.43057015612974,0.886018599654754
73135,1,0,1,1,0.46142037037037,-0.0133472222222222,0.452522222222222,0.465869444444444,-0.349583631165812,-0.00703823256011832,-0.354275786205891,-0.347237553645773,NA,NA,NA,NA,NA,NA,0.163215629012451,0.161053746325108,0.164296570356122,NA,NA,2.16722118097501,0.0633121050170584,2.20983622658187,2.14652412156482
73286,0.962962962962963,-0.0277777777777778,0.944444444444444,0.972222222222222,0.394361057692308,-0.0143015714285714,0.384735,0.399036571428571,-0.411130118235245,-0.0166831937548316,-0.422359190954843,-0.405675997200011,NA,NA,NA,NA,NA,NA,0.143808390795691,0.140752227724215,0.14529281285898,NA,NA,2.44183076442171,0.0183682587636493,2.45479211520773,2.43642385644408
73527,0.981481481481482,-0.013888888888889,0.972222222222222,0.986111111111111,0.447108490566038,-0.0203041046277666,0.433508571428571,0.453812676056338,-0.358032687700258,-0.0201810911991919,-0.37155021105066,-0.351369119851469,NA,NA,NA,NA,NA,NA,0.159627534272964,0.155654202849928,0.161586218777277,NA,NA,2.19517522523209,0.0697353318959468,2.24268281251831,2.17294748062236
73639,0.962962962962963,0.0555555555555556,1,0.944444444444444,0.408216346153846,-0.0171459150326798,0.397005555555556,0.414151470588235,-0.393110686655065,-0.0154653039778825,-0.403222616179065,-0.387757312201182,NA,NA,NA,NA,NA,NA,0.148302895600476,0.145031488326478,0.150034817098475,NA,NA,2.35895248202542,0.238424009218044,2.51885643917661,2.28043242995857
74024,0.953703703703704,0.0694444444444444,1,0.930555555555556,0.376504854368932,-0.0199114013266998,0.363552777777778,0.383464179104478,-0.433957712066232,-0.0186842128146529,-0.446111520401977,-0.427427307587324,NA,NA,NA,NA,NA,NA,0.137899670804352,0.134164244290224,0.139906765647763,NA,NA,2.53304490669112,0.323924356201978,2.75063226338832,2.42670790718634
74090,1,0,1,1,0.42195462962963,-0.0301694444444444,0.401841666666667,0.432011111111111,-0.378348964757795,-0.030299322072866,-0.398548512806372,-0.368249190733506,NA,NA,NA,NA,NA,NA,0.152548597385029,0.146487743475486,0.155579024339801,NA,NA,2.36992304333229,0.173787057398485,2.4885423363265,2.31475527892801
74315,0.990740740740741,-0.0277777777777778,0.972222222222222,1,0.446880887850467,0.0117321646825397,0.454775428571429,0.443043263888889,-0.353324128342255,0.0107312018400532,-0.346103132711565,-0.356834334551618,NA,NA,NA,NA,NA,NA,0.160071639267892,0.162389126199727,0.158945083120472,NA,NA,2.21701300654473,-0.119308630017134,2.13780728056534,2.25711591058247
74389,0.972222222222222,0,0.972222222222222,0.972222222222222,0.470074285714286,-0.0304842857142857,0.449751428571429,0.480235714285714,-0.35602017036066,-0.0202535749718217,-0.369522553675207,-0.349268978703386,NA,NA,NA,NA,NA,NA,0.163624062374195,0.158559839773862,0.166156173674362,NA,NA,2.06823102596415,0.137219098207564,2.16168790238276,2.0244688041752
74680,0.935185185185185,-0.0277777777777778,0.916666666666667,0.944444444444444,0.384622772277228,-0.0303518270944741,0.364187878787879,0.394539705882353,-0.420873378422266,-0.0313866558263385,-0.442004988285544,-0.410618332459205,NA,NA,NA,NA,NA,NA,0.140760626321883,0.134621815591398,0.143739755058736,NA,NA,2.43143477867484,0.123227780758873,2.51701585928009,2.39378807852122
75395,1,0,1,1,0.409858333333333,-0.014475,0.400208333333333,0.414683333333333,-0.390894317109436,-0.0149607475882319,-0.400868148834924,-0.385907401246692,NA,NA,NA,NA,NA,NA,0.148865938467446,0.145922317169929,0.150337749116204,NA,NA,2.43986743386943,0.0872199561636453,2.49869859448204,2.4114786383184
75739,0.953703703703704,0.0277777777777778,0.972222222222222,0.944444444444444,0.447211650485437,-0.061475756302521,0.406625714285714,0.468101470588235,-0.357055242217925,-0.0562241565416984,-0.394174102847396,-0.337949946305697,NA,NA,NA,NA,NA,NA,0.159678457184398,0.147897524800719,0.165742172381879,NA,NA,2.1325555867529,0.373344925075905,2.39095115745458,2.01760623237867
75864,1,0,1,1,0.531335185185185,-0.0423027777777778,0.503133333333333,0.545436111111111,-0.290662895946383,-0.0183010466003892,-0.302863593679976,-0.284562547079587,NA,NA,NA,NA,NA,NA,0.182396787159117,0.176485036999949,0.185352662238701,NA,NA,1.88205115693867,0.154149424452233,1.98754471975619,1.83339529530396
76377,1,0,1,1,0.469707407407407,-0.0354944444444444,0.446044444444444,0.481538888888889,-0.337534762441207,-0.027901605564411,-0.356135832817481,-0.32823422725307,NA,NA,NA,NA,NA,NA,0.166180651216993,0.159645114195948,0.169448419727516,NA,NA,2.12898494728791,0.165253582091606,2.24192905540056,2.07667547330895
76762,0.990740740740741,-0.0277777777777778,0.972222222222222,1,0.471553271028037,-0.0341790476190476,0.448554285714286,0.482733333333333,-0.333480788670065,-0.0247407038289206,-0.350128738910086,-0.325388035081166,NA,NA,NA,NA,NA,NA,0.166940430044799,0.160744603874959,0.169952289988472,NA,NA,2.1010155195845,0.0959201329961874,2.16745721350993,2.07153708051374
76803,1,0,1,1,0.534722685185185,-0.0141167361111111,0.525311527777778,0.539428263888889,-0.28472692632928,-0.00974975010236273,-0.291226759730855,-0.281477009628493,NA,NA,NA,NA,NA,NA,0.184190242353074,0.181817685814606,0.185376520622308,NA,NA,1.87012825097121,0.0498176993122919,1.9036323155334,1.85381461622111
77969,0.925925925925926,-0.0555555555555556,0.888888888888889,0.944444444444444,0.369895,0.00244301470588232,0.37155625,0.369113235294118,-0.442275233674401,-0.00610417621537146,-0.446426073500853,-0.440321897285482,NA,NA,NA,NA,NA,NA,0.135797565404337,0.135756608736491,0.135816839130382,NA,NA,2.50321287372342,-0.166344827414004,2.39234002627836,2.55868485369236
79183,0.962962962962963,0.0555555555555556,1,0.944444444444444,0.444253846153846,-0.010218954248366,0.437572222222222,0.447791176470588,-0.357342122199082,-0.00997507540245846,-0.363864286885305,-0.353889211482847,NA,NA,NA,NA,NA,NA,0.159138138665632,0.157117130790739,0.160208084011163,NA,NA,2.16759623197384,0.176218992667727,2.28533702372942,2.10911803106169
79509,1,0,1,1,0.418721805555556,-0.013693125,0.409593055555556,0.423286180555556,-0.382854690270484,-0.0115229712127549,-0.390536671078987,-0.379013699866232,NA,NA,NA,NA,NA,NA,0.151425551774743,0.148832081252546,0.152722287035841,NA,NA,2.38822050041844,0.078979776070554,2.44144764281621,2.36246786674566
79659,1,0,1,1,0.43795462962963,-0.00597361111111111,0.433972222222222,0.439945833333333,-0.365302574968928,-0.00638530376177321,-0.369559444143443,-0.36317414038167,NA,NA,NA,NA,NA,NA,0.157095344358712,0.155875167793641,0.157705432641248,NA,NA,2.2833415434966,0.0312878560772636,2.30429494975357,2.2730070936763
80179,0.972222222222222,0.0416666666666666,1,0.958333333333333,0.463138095238095,-0.0360978260869566,0.439416666666667,0.475514492753623,-0.340846058611357,-0.031566573728778,-0.361589807061697,-0.330023233332919,NA,NA,NA,NA,NA,NA,0.164591355589564,0.157765452534922,0.168152696313725,NA,NA,2.09920590039654,0.260383421764806,2.27574435805045,2.01536093628564
80490,0.990740740740741,-0.0277777777777778,0.972222222222222,1,0.528253271028037,0.104768095238095,0.598751428571429,0.493983333333333,-0.301519612288305,0.0300128226701232,-0.28132406806168,-0.311336890731803,NA,NA,NA,NA,NA,NA,0.178979203897152,0.189819294988112,0.17370971517238,NA,NA,1.87550327670031,-0.400610480840179,1.62374931537427,2.02435979621445
80497,1,0,1,1,0.452355555555556,-0.0647416666666666,0.409194444444444,0.473936111111111,-0.351637108847984,-0.0591753992917612,-0.391087375042492,-0.331911975750731,NA,NA,NA,NA,NA,NA,0.16126126013313,0.148699012329863,0.167542384034763,NA,NA,2.21065042247986,0.333836905506298,2.44382594528545,2.10998903977915
80785,0.990740740740741,-0.0277777777777778,0.972222222222222,1,0.471299065420561,-0.000368015873015881,0.471051428571429,0.471419444444444,-0.333263678167075,0.00238940536511872,-0.331655853996154,-0.334045259361272,NA,NA,NA,NA,NA,NA,0.167008211061597,0.167141695482445,0.166943322801462,NA,NA,2.10214874891946,-0.0573124743837949,2.06394071486145,2.12125318924525
81548,0.981481481481482,-0.013888888888889,0.972222222222222,0.986111111111111,0.429887735849057,-0.0243467605633803,0.41358,0.43792676056338,-0.38217426077365,-0.0207904724701451,-0.396099954597993,-0.375309482127848,NA,NA,NA,NA,NA,NA,0.153411380556018,0.148786189856894,0.155691404140093,NA,NA,2.28311114654851,0.0989759149968461,2.35074767208816,2.25177175709132
81878,1,0,1,1,0.496101851851852,-0.0746444444444445,0.446338888888889,0.520983333333333,-0.331907829138942,-0.0352087420711379,-0.355380323853034,-0.320171581781896,NA,NA,NA,NA,NA,NA,0.16965780509772,0.159766472983145,0.174603471155007,NA,NA,2.01571511226413,0.321002882320861,2.24045008152749,1.91944719920663
81898,0.972222222222222,0.0416666666666666,1,0.958333333333333,0.447045714285714,-0.006050845410628,0.443069444444444,0.449120289855072,-0.356407996529551,-0.00555786178113232,-0.36006030570001,-0.354502443918877,NA,NA,NA,NA,NA,NA,0.159776066189752,0.158522027874659,0.160430347049801,NA,NA,2.17477137383059,0.123181518089343,2.2569825397323,2.13380102164295
82083,0.972222222222222,0,0.972222222222222,0.972222222222222,0.43310380952381,-0.00029285714285715,0.432908571428571,0.433201428571429,-0.372776081339301,0.00390035927568183,-0.37017584182218,-0.374076201097862,NA,NA,NA,NA,NA,NA,0.155218601758942,0.155573944108361,0.155040930584233,NA,NA,2.24477873628303,0.00151822206777608,2.24579111246042,2.24427289039264
82341,0.972222222222222,0,0.972222222222222,0.972222222222222,0.521193333333333,0.000511428571428607,0.521534285714286,0.521022857142857,-0.293276565917623,-0.000203093323740244,-0.293411961466783,-0.293208868143043,NA,NA,NA,NA,NA,NA,0.180856183020644,0.18087381782468,0.180847365618627,NA,NA,1.86537731786456,-0.00182983061633601,1.86415782979767,1.86598766041401
83038,1,0,1,1,0.531983333333333,0.0523083333333333,0.566855555555556,0.514547222222222,-0.295498100126212,0.0131291670476428,-0.286745322094451,-0.299874489142093,NA,NA,NA,NA,NA,NA,0.181460803191691,0.186828677565969,0.178776866004552,NA,NA,1.87975813778627,-0.179338377877461,1.76411784307192,1.94345622094938
83463,0.990740740740741,0.0138888888888888,1,0.986111111111111,0.438976635514019,-0.0307796165884194,0.418552777777778,0.449332394366197,-0.36392172618526,-0.0271165469422062,-0.381914948922612,-0.354798401980405,NA,NA,NA,NA,NA,NA,0.157382344785611,0.151504710046521,0.160362553949093,NA,NA,2.25693273989545,0.194571072312173,2.38918495609873,2.19461388378655
83735,0.962962962962963,0.0555555555555556,1,0.944444444444444,0.446932692307692,-0.0376225490196078,0.422333333333333,0.459955882352941,-0.373992344958197,-0.0146595897824141,-0.383577461354391,-0.368917871571977,NA,NA,NA,NA,NA,NA,0.156972456288129,0.152130271187278,0.159535966047403,NA,NA,2.15460399191386,0.314460919989456,2.36779794790844,2.05333702791899
84474,0.981481481481482,0.0277777777777778,1,0.972222222222222,0.499758490566038,-0.0242450039682539,0.483747638888889,0.507992642857143,-0.310393446745391,-0.0245039691336534,-0.326575313154408,-0.302071344020754,NA,NA,NA,NA,NA,NA,0.174888924034152,0.169868714262802,0.177470746202275,NA,NA,1.96391156930587,0.153342562631891,2.06719355219362,1.91385098956173
85025,0.87037037037037,-0.0972222222222222,0.805555555555556,0.902777777777778,0.60165085106383,0.748740435013262,1.11939689655172,0.370656461538462,-0.422451702323946,0.0507827023533409,-0.387336003888125,-0.438118706241466,NA,NA,NA,NA,NA,NA,0.148595747204812,0.175873105087302,0.136425849072624,NA,NA,1.44663698028748,-1.71598507199364,0.719633543774376,2.43561861576801
85733,1,0,1,1,0.445144444444444,-0.0282541666666667,0.426308333333333,0.4545625,-0.356560690164011,-0.0268277356532223,-0.374445847266159,-0.347618111612937,NA,NA,NA,NA,NA,NA,0.159391468400548,0.153828837699274,0.162172783751185,NA,NA,2.24646182262936,0.145802535219793,2.34572003831343,2.19991750309363
85970,1,0,1,1,0.500863888888889,0.00853333333333328,0.506552777777778,0.498019444444444,-0.311965886207704,-0.000135296769158744,-0.31205608405381,-0.311920787284651,NA,NA,NA,NA,NA,NA,0.174919050948859,0.175946559153856,0.174405296846361,NA,NA,1.99655040457876,-0.0338257714281651,1.97412795639371,2.00795372782187
86351,0.962962962962963,0.0555555555555556,1,0.944444444444444,0.384294423076923,-0.0396697222222223,0.358356527777778,0.39802625,-0.421742288325538,-0.0406314838284639,-0.448309027751841,-0.407677543923377,NA,NA,NA,NA,NA,NA,0.140668985561336,0.13283204808019,0.14481795246312,NA,NA,2.5057947894555,0.417697555634122,2.79051704792752,2.3728194922934
86394,1,0,1,1,0.436352777777778,-0.017525,0.424669444444444,0.442194444444444,-0.367820363731267,-0.0112592749922938,-0.375326547059463,-0.364067272067169,NA,NA,NA,NA,NA,NA,0.156357623273338,0.153381174825013,0.157845847497501,NA,NA,2.29172369451323,0.0933240828684374,2.35477266632217,2.26144858345373
86424,0.981481481481482,0.0277777777777778,1,0.972222222222222,0.401542452830189,-0.0347161904761905,0.378616666666667,0.413332857142857,-0.400494285069174,-0.0371486848288604,-0.425026435427856,-0.387877750598995,NA,NA,NA,NA,NA,NA,0.146238261580618,0.139187297878356,0.149864471484638,NA,NA,2.44427824396577,0.289040572118082,2.64119381960646,2.35215324748838
86602,0.990740740740741,0.0138888888888888,1,0.986111111111111,0.622942990654206,0.0140930359937402,0.632294444444444,0.618201408450704,-0.218089253320276,0.00944337398405939,-0.211823089274779,-0.221266463258838,NA,NA,NA,NA,NA,NA,0.208423412602135,0.210812441476893,0.20721207401775,NA,NA,1.59041959794793,-0.0135875370367711,1.58154165165666,1.59512918869344
86726,1,0,1,1,0.521160185185185,-0.00144861111111116,0.520194444444444,0.521643055555556,-0.287771265731588,-0.00126515220198786,-0.288614700532913,-0.287349548330925,NA,NA,NA,NA,NA,NA,0.18159829266855,0.18132462928559,0.18173512436003,NA,NA,1.91879584900498,0.00533841917918343,1.92235809259358,1.9170196734144
87839,1,0,1,1,0.564665972222222,-0.0507439583333332,0.530836666666667,0.581580625,-0.258243079982472,-0.035528790431362,-0.281928940270047,-0.246400149838685,NA,NA,NA,NA,NA,NA,0.192963686586653,0.184053172444675,0.197418943657642,NA,NA,1.77095849439012,0.16436657232588,1.88381862594269,1.71945205361681
88062,0.990740740740741,-0.0277777777777778,0.972222222222222,1,0.481174813084112,-0.023450130952381,0.465395285714286,0.488845416666667,-0.323071828684017,-0.022808814578374,-0.338419816063857,-0.315611001485483,NA,NA,NA,NA,NA,NA,0.170014784432613,0.165276381351739,0.172318174819149,NA,NA,2.05900374209228,0.0433882021233511,2.08902464650037,2.04563644437701
88190,0.990740740740741,0.0138888888888888,1,0.986111111111111,0.403198130841121,-0.0415748043818466,0.375611111111111,0.417185915492958,-0.399660039332937,-0.0407179731197672,-0.426678507477829,-0.385960534358062,NA,NA,NA,NA,NA,NA,0.146620279034679,0.138387344812859,0.150794724555602,NA,NA,2.45720568861252,0.298607053769999,2.66232805797959,2.36372100420959
88236,0.981481481481482,0.0277777777777778,1,0.972222222222222,0.404336933962264,-0.0023793055555556,0.402765694444444,0.405145,-0.398243455408073,-0.00531786752795349,-0.401755254718986,-0.396437387191032,NA,NA,NA,NA,NA,NA,0.147036707028698,0.146359649021759,0.14738490828941,NA,NA,2.42738518063027,0.0831435569478738,2.48283310568283,2.39968954873495
88463,1,0,1,1,0.434159814814815,-0.0490980555555556,0.401427777777778,0.450525833333333,-0.373918585849882,-0.0435111714981254,-0.402926033515299,-0.359414862017173,NA,NA,NA,NA,NA,NA,0.155113182473497,0.145997758429231,0.15967089449563,NA,NA,2.30329930564057,0.271479582769275,2.49110812793224,2.21962854516297
89269,0.981481481481482,0.0277777777777778,1,0.972222222222222,0.508471698113208,-0.0440817460317461,0.479361111111111,0.523442857142857,-0.302332774206614,-0.0349027665867376,-0.325381771009177,-0.290479004422439,NA,NA,NA,NA,NA,NA,0.17741270140215,0.169382308811387,0.181542617591685,NA,NA,1.93025783956802,0.228749225762555,2.08610998435418,1.85736075859162
90069,0.981481481481482,0.0277777777777778,1,0.972222222222222,0.422320754716981,-0.0225227777777778,0.407447222222222,0.42997,-0.380661002811833,-0.0205325888887133,-0.394220259625135,-0.373687670736421,NA,NA,NA,NA,NA,NA,0.152422796050493,0.14807863774516,0.154656934607522,NA,NA,2.32401905546703,0.193165935877643,2.45430560195254,2.26113966607489
91451,0.972222222222222,0,0.972222222222222,0.972222222222222,0.449365714285714,-0.0516557142857143,0.414928571428571,0.466584285714286,-0.353240983360066,-0.0476915673992918,-0.38503536162626,-0.337343794226968,NA,NA,NA,NA,NA,NA,0.16058326276404,0.150466266598587,0.165641760846767,NA,NA,2.16354339308599,0.259406268272164,2.34310743864884,2.08370117037668
91731,0.962962962962963,-0.0277777777777778,0.944444444444444,0.972222222222222,0.450511538461538,-0.00666352941176473,0.446026470588235,0.45269,-0.35370714966981,-0.00899171470871013,-0.359759265339134,-0.350767550630424,NA,NA,NA,NA,NA,NA,0.160724427699367,0.159195316104011,0.161467139045683,NA,NA,2.1374879015339,-0.0301928524009534,2.11746276672521,2.14765561912616
91907,1,0,1,1,0.426946296296296,-0.0265152777777778,0.409269444444444,0.435784722222222,-0.374036035367168,-0.0263071881426008,-0.391574160795569,-0.365266972652968,NA,NA,NA,NA,NA,NA,0.153996990163011,0.148676565700876,0.156657202394078,NA,NA,2.34221495460874,0.148667096142539,2.44337810597474,2.2947110098322
92795,0.990740740740741,0.0138888888888888,1,0.986111111111111,0.430306542056075,0.0751873630672926,0.480197222222222,0.40500985915493,-0.412627177313953,0.0422237151815104,-0.384609571913138,-0.426833287094648,NA,NA,NA,NA,NA,NA,0.148345935948202,0.159684767106729,0.142596669445287,NA,NA,2.30240687489161,-0.352305292619481,2.08247768567313,2.43478297829261
93352,0.981481481481482,0.0277777777777778,1,0.972222222222222,0.448968867924528,-0.00881984126984126,0.443144444444444,0.451964285714286,-0.352254997009472,-0.00883965482277449,-0.358092504911304,-0.34925285008853,NA,NA,NA,NA,NA,NA,0.16062393940224,0.15888082407593,0.161520398712914,NA,NA,2.18607915069619,0.105496469530372,2.25660055662814,2.15110408709777
94759,0.990740740740741,0.0138888888888888,1,0.986111111111111,0.823488925233645,-0.449394612676056,0.5252925,0.974687112676056,-0.239616206438283,-0.0716683338377137,-0.287171829825925,-0.215503495988211,NA,NA,NA,NA,NA,NA,0.21010280900674,0.18237769884274,0.224160611343416,NA,NA,1.20310147517727,0.89198058843948,1.90370127119652,1.01172068275704
95088,1,0,1,1,0.440033333333333,-0.0166708333333334,0.428919444444444,0.445590277777778,-0.362494743536764,-0.0159928515631023,-0.373156644578832,-0.35716379301573,NA,NA,NA,NA,NA,NA,0.157747590115497,0.15445307802144,0.159394846162526,NA,NA,2.2725551094614,0.0872259821761125,2.3314401176082,2.24421413543209
95591,1,0,1,1,0.422404444444444,-0.021968125,0.407759027777778,0.429727152777778,-0.376316259194782,-0.0212075215055764,-0.390454606865166,-0.36924708535959,NA,NA,NA,NA,NA,NA,0.152833641502061,0.148455346238374,0.155022789133904,NA,NA,2.36739933291948,0.125370861463628,2.4524288412444,2.32705797978078
95802,1,0,1,1,0.443744444444444,-0.02655,0.426044444444444,0.452594444444444,-0.356178751298182,-0.0237974647440704,-0.372043727794229,-0.348246263050158,NA,NA,NA,NA,NA,NA,0.159143962118439,0.15399910013773,0.161716393108793,NA,NA,2.25354934021083,0.137689365983184,2.34717296056749,2.20948359458431
96229,0.990740740740741,-0.0277777777777778,0.972222222222222,1,0.365736448598131,-0.0140533333333334,0.35628,0.370333333333333,-0.446437138008987,-0.00940290266787758,-0.452764324850924,-0.443361422183046,NA,NA,NA,NA,NA,NA,0.13450824040963,0.132011382351469,0.135721990854569,NA,NA,2.70889254964402,0.0285450123546092,2.72881503935731,2.7002700270027
96515,0.990740740740741,0.0138888888888888,1,0.986111111111111,0.484621495327103,-0.0393117762128325,0.458536111111111,0.497847887323944,-0.322437494725246,-0.0344162025457126,-0.345274414171466,-0.310858211625754,NA,NA,NA,NA,NA,NA,0.170568273273807,0.163205852758569,0.174301331563224,NA,NA,2.04435987733484,0.200105512290592,2.18085331944049,1.9807478071499
96579,1,0,1,1,0.446744027777778,-0.022155625,0.431973611111111,0.454129236111111,-0.355459848737827,-0.019763255847593,-0.368635352636223,-0.34887209678863,NA,NA,NA,NA,NA,NA,0.15981813242722,0.155557806591948,0.161948295344855,NA,NA,2.23841828389797,0.112939881272029,2.31495622482083,2.2020163435488
97460,0.990740740740741,0.0138888888888888,1,0.986111111111111,0.509357943925234,-0.0444739045383412,0.479847222222222,0.524321126760563,-0.296929119902156,-0.0356299970583029,-0.320571454398787,-0.284941457340484,NA,NA,NA,NA,NA,NA,0.178308694258877,0.170036756853359,0.182502916041956,NA,NA,1.94507762675861,0.203257796003506,2.08399664244985,1.88073884644635
97596,1,0,1,1,0.517500324074074,0.00790076388888894,0.5227675,0.514866736111111,-0.304839929358687,0.00166224480829097,-0.30373176615316,-0.305394010961451,NA,NA,NA,NA,NA,NA,0.178495220254883,0.179379303435866,0.178053178664392,NA,NA,1.93236593965275,-0.0293538904355293,1.9128962684176,1.94225015885313
98811,0.990740740740741,0.0138888888888888,1,0.986111111111111,0.416970093457944,-0.00910183881064164,0.410930555555556,0.420032394366197,-0.38462966272416,-0.00933239825081628,-0.39082218866629,-0.381489790415474,NA,NA,NA,NA,NA,NA,0.150899823852772,0.149049783057058,0.151837872706937,NA,NA,2.37604748226546,0.0857986789562211,2.43350119985129,2.34770252089506
99010,1,0,1,1,0.485811111111111,-0.0298833333333333,0.465888888888889,0.495772222222222,-0.326687560302638,-0.0199139190314268,-0.339963506323589,-0.320049587292163,NA,NA,NA,NA,NA,NA,0.170396737181897,0.165259015495414,0.172965598025139,NA,NA,2.05841319214144,0.129379210401547,2.14643453374672,2.01705532334517
99368,1,0,1,1,0.477939814814815,-0.0216972222222222,0.463475,0.485172222222222,-0.330284616590075,-0.0224152510688158,-0.345228117302619,-0.322812866233803,NA,NA,NA,NA,NA,NA,0.168518136303754,0.164017991673323,0.170768208618969,NA,NA,2.09231365331525,0.0964899087883091,2.15761367927073,2.06112377048242
99761,1,0,1,1,0.43932962962963,-0.0432986111111111,0.410463888888889,0.4537625,-0.36150487390108,-0.0448437671911591,-0.391400718695186,-0.346556951504027,NA,NA,NA,NA,NA,NA,0.157758919507524,0.148982742552348,0.162147007985112,NA,NA,2.27619521324577,0.232471869584358,2.43626790826098,2.20379603867662
99798,0.981481481481482,-0.013888888888889,0.972222222222222,0.986111111111111,0.420897358490566,-0.0167978028169014,0.409646,0.426443802816901,-0.395453442974452,-0.00605541928636033,-0.399509431364372,-0.393454012078012,NA,NA,NA,NA,NA,NA,0.150168049580372,0.147999287193615,0.151237157799196,NA,NA,2.33187845369545,0.0609171023360471,2.37332287443847,2.31240577210242
