"ParticipantID","CB_ACC","CB_RTc","CB_LogRTc","CB_LogRTperC","CB_RTperCcorrect","CB_ACC_forward","CB_RTc_forward","CB_LogRTc_1","CB_LogRTperC_forward","CB_LogRTc_1_forward","CB_RTperCcorrect_forward","CB_ACC_backward","CB_RTc_backward","CB_LogRTc_backward","CB_LogRTc_1_backward","CB_RTperCcorrect_back","CB_Totalclick","CB_Correctclick","CB_Totalclick_forward","CB_Correctclick_forward","CB_Totalclick_backward","CB_Correctclick_backward","CB_EFF","CB_EFF_forward","CB_EFF_backward"
10700,0.5625,2.91893888888889,0.439150802389381,-0.125990805607494,0.821524047619048,0.5625,3.29817777777778,0.579521558337542,-0.0492908576307983,0.622849260518492,0.955172354497355,0.5625,2.5397,0.378118183524507,0.536193856156594,0.687875740740741,5.40625,3.875,5.5,3.875,5.3125,3.875,0.192707014915999,0.170548720505599,0.22148285230539
10780,0.53125,7.92688235294118,0.423225582586446,-0.0278941317029585,1.35151985294118,0.5,1.6362625,0.598167953306278,-0.23680049140969,0.411124314583008,0.501437708333333,0.5625,13.5185444444444,0.631990145973796,0.76442896550474,2.10714842592593,5.375,4.03125,5.4375,3.875,5.3125,4.1875,0.0670187819556683,0.305574441753692,0.0416095092420371
11111,0.75,6.42227083333333,0.759301358934051,0.132346110233367,1.57552199404762,0.75,7.29721666666667,0.834600819050753,0.234276562410241,0.883155704353267,1.61179011904762,0.75,5.547325,0.702393136186813,0.786045933748239,1.53925386904762,5.34375,4.25,5.4375,4.3125,5.25,4.1875,0.116781122980254,0.102778913421327,0.135200299243329
11620,0.6875,1.83018113636364,0.239034225579432,-0.347537525247583,0.44507913474026,0.5625,1.90324777777778,0.442184906674465,-0.30858847495483,0.453816210267863,0.51034946957672,0.8125,1.77959653846154,0.2259219429889,0.434132465725189,0.39989197985348,5.28125,4.3125,5.1875,3.875,5.375,4.75,0.37564587807193,0.295547435582335,0.456564160718365
11738,0.625,1.74262,0.222398206717966,-0.418887984458178,0.462033702380952,0.6875,1.93666363636364,0.430731173350504,-0.370631075099197,0.461159389143797,0.495239632034632,0.5625,1.50545555555556,0.162653787207241,0.393541131825369,0.421448677248677,5.25,4.125,5.5,4.375,5,3.875,0.358655358024125,0.354991949604052,0.37364105364932
12073,0.59375,3.31095789473684,0.481951822793342,-0.0522673674858434,0.908237932330827,0.625,3.48754,0.613048917555285,-0.0650498390776367,0.62968121462915,0.979867738095238,0.5625,3.11475555555556,0.455667159272287,0.594568587473214,0.828649259259259,5.46875,3.96875,5.4375,4.125,5.5,3.8125,0.17932876795076,0.179209414085573,0.180592020775663
12656,0.67741935483871,3.41724214285714,0.496719844942479,-0.0818349537960786,0.822976964285714,0.75,3.6056275,0.623948865906027,-0.0955297932426386,0.642100756311109,0.812870638888889,0.6,3.16606166666667,0.46459105450662,0.599746345365918,0.836452064814815,5.25806451612903,4.2258064516129,5.4375,4.5,5.06666666666667,3.93333333333333,0.198235690220162,0.208008176108042,0.189509890573831
12703,0.612903225806452,2.18617894736842,0.310729730308143,-0.247789184155334,0.577388521303258,0.666666666666667,2.14539,0.490043072722933,-0.264700089304174,0.480388880962749,0.52760019047619,0.5625,2.2315,0.330058100212409,0.50076995245647,0.632708888888889,5.12903225806452,4.12903225806452,4.93333333333333,4.13333333333333,5.3125,4.125,0.280353640100791,0.310743811925415,0.252072596907909
12970,0.65625,1.32614285714286,0.0840168582700211,-0.530025928334264,0.331624937641723,0.625,1.60648,0.354974106180391,-0.464130242261214,0.407653074981147,0.400188083333333,0.6875,1.07129090909091,-0.00634471271660072,0.30708413454334,0.269294805194805,5.25,4.34375,5.25,4.0625,5.25,4.625,0.494856188732091,0.389049350131966,0.641749121705334
13339,0.53125,2.48502352941176,0.364362089256463,-0.171643570712746,0.665279411764706,0.5625,2.57917777777778,0.526906026311122,-0.142131051901386,0.538558985617481,0.677715,0.5,2.3791,0.343538889334503,0.513796447091467,0.651289375,5.5,3.90625,5.5,3.875,5.5,3.9375,0.213780671978488,0.21809275996657,0.210163507208608
13662,0.65625,4.82327666666667,0.624772779883653,0.0474852645586777,1.10564838227513,0.625,4.183652,0.724868438731192,0.0374494702438293,0.695654124543949,1.09310064583333,0.6875,5.40475363636364,0.653993933611624,0.751426906174141,1.11705541540404,5.4375,4.34375,5.4375,4.125,5.4375,4.5625,0.136058958536486,0.149391010533381,0.127202837771262
13764,0.625,2.4866,0.378998432097473,-0.2224618613716,0.647317380952381,0.625,2.6847,0.534064616501742,-0.186715666251716,0.558354178018943,0.679310952380952,0.625,2.2885,0.344743127489815,0.50977505498454,0.615323809523809,5.375,4.375,5.5,4.3125,5.25,4.4375,0.251347221105123,0.232800685365218,0.273104653703299
14746,0.59375,2.61474736842105,0.387763906737644,-0.094745580075873,0.670946979949875,0.625,2.31672,0.543015517836816,-0.107038386781731,0.506345583098482,0.590352095238095,0.5625,2.94588888888889,0.446782259264066,0.583759889768299,0.760496851851852,4.65625,3.34375,5,3.875,4.3125,2.8125,0.227077386967041,0.2697779619462,0.190944065175574
14967,0.6875,6.05426363636364,0.713876403597902,0.137791241914647,1.43451438672439,0.5625,6.6072,0.798431666246987,0.268851336677485,0.825034266188961,1.84713867724868,0.8125,5.67146153846154,0.6921660253197,0.780014481671774,1.14885141636142,5.46875,4.75,5.5625,4.4375,5.375,5.0625,0.113556336706363,0.0851343988376317,0.143261131983344
15940,0.65625,2.8556719047619,0.40499869991033,-0.191979608622528,0.772124363945578,0.625,3.049614,0.558005682432112,-0.154439429199189,0.573450510149189,0.920168673809524,0.6875,2.67936090909091,0.387241513791387,0.543964929962042,0.637538627705628,5.5,4.1875,5.5,4.125,5.5,4.25,0.229805811692053,0.204943969958165,0.256591039179289
16021,0.5625,2.05775555555556,0.29725066800037,-0.227286931163835,0.562693452380952,0.5625,2.2316,0.478535695792607,-0.198188649140549,0.50427518048491,0.601804497354497,0.5625,1.88391111111111,0.256688486231013,0.452796211100304,0.523582407407407,5.5,3.96875,5.5,4.125,5.5,3.8125,0.273356083759004,0.252061301308478,0.29858096631122
16062,0.75,2.59312916666667,0.380407979537918,-0.234694713146312,0.592451941137566,0.8125,2.51326153846154,0.53878005071389,-0.272093927686323,0.52671761867994,0.545406623931624,0.6875,2.68751818181818,0.403512317933032,0.553035652208559,0.648050952380952,5.53125,4.71875,5.5,5.0625,5.5625,4.375,0.289225854863252,0.32328509690136,0.255812222834856
16258,0.4,6.54743333333333,0.757506888082694,0.382545724387908,1.86975791666667,0.285714285714286,3.365125,0.835638432531079,0.260910114244986,0.626860690122781,1.1317375,0.5,8.1385875,0.883615408049627,0.940027303735227,2.238768125,5.6,3.66666666666667,5.64285714285714,3.57142857142857,5.5625,3.75,0.0610926419003885,0.084904508960079,0.0614357221077982
16448,0.214285714285714,3.04703333333333,0.460309375475602,-0.279795958271254,0.935289166666667,0,NA,0.594781838507063,-0.52411432892086,NA,NA,0.4,3.04703333333333,0.460309375475602,0.594781838507063,0.935289166666667,3,1.67857142857143,1,0.0769230769230769,4.73333333333333,3.06666666666667,0.0703260157811579,NA,0.131275229458162
16726,0.566666666666667,2.70717647058824,0.421044736511014,-0.123974610152512,0.804516666666667,0.6,2.84773333333333,0.562976285456511,-0.127817861672293,0.577173047461677,0.791155555555556,0.533333333333333,2.54905,0.40037329327763,0.5470049282007,0.819547916666667,5.13333333333333,3.6,5.26666666666667,3.93333333333333,5,3.26666666666667,0.209320180203671,0.210693885195243,0.209228274585957
17158,0.67741935483871,3.05619523809524,0.458666488321777,-0.144909157435958,0.740570442176871,0.6,3.0739,0.594051980513322,-0.139773076058184,0.59238845755651,0.706056005291005,0.75,3.04291666666667,0.461977088131757,0.59529962273093,0.76645626984127,5.29032258064516,4.29032258064516,5.2,4.06666666666667,5.375,4.5,0.22165447625686,0.195191775919841,0.246474051759551
17608,0.71875,2.57539130434783,0.371344955710345,-0.207103517882108,0.61280569358178,0.75,2.67615,0.534257304523047,-0.21561004034097,0.542169765726288,0.628642232142857,0.6875,2.46547272727273,0.363947929575571,0.525625528664966,0.59552946969697,5.5,4.53125,5.5,4.75,5.5,4.3125,0.279083803221123,0.280253349027521,0.278851188413065
17615,0.6875,2.52635454545455,0.363043518644675,-0.248717250719636,0.552609312770563,0.625,2.37453,0.527780888346216,-0.287277523614068,0.506346776037188,0.49738630952381,0.75,2.652875,0.38983641415057,0.545642648603739,0.598628482142857,5.5,4.5,5.625,4.5,5.375,4.5,0.272131241926024,0.263209982607084,0.282712151910663
17715,0.53125,2.68502941176471,0.414151034966807,-0.0738528473282168,0.816241078431373,0.5,2.4088875,0.558609090978868,-0.101543262163806,0.526444279494624,0.742916666666667,0.5625,2.93048888888889,0.453922915179072,0.587200034520419,0.881418333333333,4.71875,3.84375,4.8125,4,4.625,3.6875,0.197856305659923,0.207564695320973,0.19194749454016
18428,0.5625,3.52801666666667,0.52111614543425,-0.0690720456827715,0.972684153439154,0.625,4.06095,0.639534144125077,-0.0411142504322794,0.686308125022105,1.06931980952381,0.5,2.86185,0.445684028410753,0.581066668003793,0.851889583333333,5.03125,3.25,4.875,3.75,5.1875,2.75,0.159438022307151,0.153904874475184,0.174712161713577
18865,0.53125,3.35976470588235,0.496629394229673,-0.0771737376031621,0.824972549019608,0.5,3.1699375,0.622149232913967,-0.102673778659205,0.60873394962756,0.82415625,0.5625,3.5285,0.509996449983599,0.634073929168551,0.825698148148148,5.625,3.59375,5.75,3.5625,5.5,3.625,0.158121191960221,0.157731816479032,0.159416182513816
19059,0.65625,3.45620952380952,0.47659504644833,-0.0856489831842717,0.7958658276644,0.5625,2.85694444444444,0.611469136821616,-0.0807109355524392,0.572807148552736,0.759945,0.75,3.90565833333333,0.510605876706646,0.640465628023277,0.822806448412699,5.5,4,5.4375,3.5625,5.5625,4.4375,0.189875641357722,0.196888672824502,0.19202908600556
20521,0.59375,2.65591894736842,0.399932346425601,-0.181479326582804,0.694929056390977,0.6875,2.63960818181818,0.550456101075373,-0.201307315698129,0.550902091264443,0.6632794004329,0.5,2.67834625,0.396663769064291,0.5498428645654,0.738447333333333,5.4375,3.65625,5.5,4.125,5.375,3.1875,0.223557274060757,0.260455322398056,0.186682360430434
21049,0.6875,3.07658545454545,0.459320016000448,-0.124325737212275,0.748999484036797,0.75,3.26947333333333,0.594100444616783,-0.130697321308844,0.61053803588611,0.748181297123016,0.625,2.84512,0.434416403872427,0.57437533509359,0.749981308333333,5.5,4.5625,5.5,4.8125,5.5,4.3125,0.223462019877999,0.229394744515427,0.219674389832415
21072,0.65625,3.08838095238095,0.45189796243643,-0.130251221683607,0.762300277777778,0.625,2.88146,0.589415084142178,-0.130151743274941,0.573940662967397,0.763036833333333,0.6875,3.27649090909091,0.470463796345345,0.603482739755615,0.761630681818182,5.40625,4.21875,5.4375,4.25,5.375,4.1875,0.212489977796966,0.21690393064627,0.209828142081051
21362,0.53125,4.437,0.558952594709596,0.0613337227437122,1.13788770308123,0.5,3.2491125,0.674590938614257,-0.0633783913329837,0.618473675589915,0.983339583333333,0.5625,5.4929,0.615695982893454,0.72447295019145,1.27526380952381,5.34375,3.65625,5.4375,3.75,5.25,3.5625,0.119731800766284,0.15388817715607,0.102404922718418
22222,0.5,1.94809375,0.264697996417722,-0.318665191888925,0.53448818452381,0.625,2.10582,0.458204181807125,-0.272336658005557,0.476633967506961,0.556571428571429,0.375,1.68521666666667,0.222999591321684,0.427487872307398,0.497682777777778,5.4375,3.375,5.5,3.5625,5.375,3.1875,0.25666115914596,0.296796497326457,0.222523315498502
22799,0.53125,2.52530882352941,0.387005722718636,-0.131410019430412,0.674397470588236,0.5625,2.53494777777778,0.539487382929455,-0.141076668219863,0.537415456371694,0.611849064814815,0.5,2.514465,0.392220603406302,0.541818300306937,0.744764427083334,5.09375,3.53125,5.125,3.75,5.0625,3.3125,0.21037030997956,0.22189806233133,0.198849457041558
22927,0.571428571428571,1.39931666666667,0.11331214844262,-0.387596418826226,0.388411011904762,0.636363636363636,1.39877142857143,0.369042404345783,-0.408362218360612,0.365512189302522,0.359975306122449,0.5,1.40008,0.126680398441476,0.373984705406349,0.428221,4.14285714285714,3.23809523809524,4,3.27272727272727,4.3,3.2,0.408362585139345,0.454944691723906,0.357122450145706
23326,0.59375,3.04735789473684,0.441647020200268,-0.141512459177049,0.844910043859649,0.5625,3.4947,0.583521182577055,-0.120164948892635,0.616745463061353,1.00701009259259,0.625,2.64475,0.406556047540073,0.553619330141186,0.69902,5.53125,4.0625,5.5,4.375,5.5625,3.75,0.194840914821813,0.160958022147824,0.236317232252576
23347,0.71875,2.8245347826087,0.386421552358228,-0.25495117406047,0.583033909592823,0.75,3.07123333333333,0.547143839255716,-0.233252043752525,0.580287330039654,0.62205416005291,0.6875,2.55540909090909,0.33301145007903,0.510987303855056,0.540466363636364,5.4375,4.65625,5.5625,4.9375,5.3125,4.375,0.254466684009525,0.244201569402086,0.269037158256106
23899,0.75,1.99029729166667,0.253583375497367,-0.364093142738576,0.445746348958333,0.75,2.03674916666667,0.456563912860713,-0.365868370595591,0.46034814133173,0.461084399801587,0.75,1.94384541666667,0.250733304888181,0.452779684389696,0.430408298115079,4.96875,4.53125,5.125,4.6875,4.8125,4.375,0.376828126702596,0.368233856320877,0.385833149883961
23919,0.59375,1.89848736842105,0.23205789632684,-0.376324380139716,0.462996572055138,0.5625,1.77744611111111,0.4422256595757,-0.372638476619591,0.432338227597345,0.468438652116402,0.625,2.0074245,0.241497632877795,0.45112434835622,0.4580987,4.96875,3.78125,4.875,3.6875,5.0625,3.875,0.312748986312094,0.316465290555769,0.311344212447342
24240,0.59375,3.03626842105263,0.449788054476426,-0.0787389726370353,0.757855062656642,0.625,3.04264,0.587760696040122,-0.109104243358099,0.583760216797293,0.666117619047619,0.5625,3.02918888888889,0.458756466748362,0.592205672976598,0.859785555555556,5.5,4.0625,5.5625,4.4375,5.4375,3.6875,0.195552539387857,0.205413719664502,0.18569327322679
24243,0.53125,4.62041529411765,0.649760539036233,0.152831273650055,1.31509040686275,0.5,4.9802375,0.739707039826212,0.147339855675124,0.765904642866001,1.44843822916667,0.5625,4.30057333333333,0.621296036039033,0.716420281568623,1.19655900925926,5.21875,3.71875,5.5,3.5625,4.9375,3.875,0.114978841983392,0.100396818424824,0.130796513953178
24256,0.53125,2.92440588235294,0.430298083654627,-0.0878168857517072,0.884747254901961,0.5625,3.22414444444444,0.573425273700943,-0.089929656140877,0.600755673011465,1.02896851851852,0.5,2.5872,0.389461010449605,0.542678574476607,0.722498333333333,5.03125,3.59375,5.25,4,4.8125,3.1875,0.181660830052962,0.174464888187392,0.19325912183055
24391,0.59375,2.87293157894737,0.430305877176754,-0.128797474218662,0.693010764411027,0.5625,3.10493333333333,0.572691364395708,-0.11636284101069,0.59800944034395,0.727928227513227,0.625,2.66413,0.398660843134239,0.549905096042289,0.661585047619048,5.5625,4.1875,5.625,4.125,5.5,4.25,0.206670428335626,0.181163310001288,0.234598161501128
24881,0.59375,2.97852631578947,0.44397193205188,-0.160294664805261,0.701700125313283,0.6875,2.97972727272727,0.583223389511291,-0.140192673533049,0.583561376505725,0.715286363636364,0.5,2.976875,0.44221072695823,0.582758657393944,0.683019047619048,5.28125,4.15625,5.3125,4.3125,5.25,4,0.199343546791066,0.230725813832871,0.167961368885156
25653,0.625,4.006535,0.580581031579915,0.0448361626968757,1.07214507142857,0.625,4.46702,0.685726636185509,0.0528638609712216,0.722700273640608,1.17231380952381,0.625,3.54605,0.534466517224049,0.648752998730411,0.971976333333333,5.34375,4.25,5.1875,4.375,5.5,4.125,0.15599514293523,0.139914305286298,0.176252449909054
25813,0.59375,2.89361052631579,0.441792479742662,-0.14410727170145,0.788316754385965,0.625,2.84353,0.57928818207748,-0.151172106701664,0.577386849670127,0.752264666666667,0.5625,2.94925555555556,0.44341879666842,0.581400773641205,0.82837462962963,5.40625,3.96875,5.25,4.1875,5.5625,3.75,0.205193475279472,0.219797223873144,0.190726096604416
26045,0.65625,1.75296666666667,0.21497716555238,-0.419806627192185,0.402313452380952,0.75,1.92970833333333,0.428989583411215,-0.411393580821146,0.456416628200492,0.399854017857143,0.5625,1.51731111111111,0.154824722906571,0.392420190358846,0.405592698412698,5.5625,4.59375,5.625,4.9375,5.5,4.25,0.374365361577516,0.388659771554423,0.370721598148772
26433,0.625,2.66609325,0.38247407906402,-0.155199680558128,0.641020225595238,0.625,2.6795375,0.542128329343293,-0.159893061269562,0.536159574555057,0.619499061904762,0.625,2.652649,0.39528023977814,0.548097084131529,0.662541389285714,5.5,4.40625,5.5,4.4375,5.5,4.375,0.234425408788684,0.233249208118938,0.235613531982558
27250,0.6875,2.40026568181818,0.336543701441501,-0.263840616632225,0.568433985660173,0.75,2.89419166666667,0.510276418389359,-0.214033630524121,0.569581973025127,0.632109577876984,0.625,1.8075545,0.233527974977398,0.439109752826437,0.492023275,5.5,3.96875,5.5,4.4375,5.5,3.5,0.28642662568888,0.259139713736996,0.345771040375269
27532,0.625,3.21316,0.469078034690353,-0.158140689107802,0.839042773809524,0.6875,3.55213636363636,0.60295640318316,-0.124735673711819,0.635026900620717,0.802439437229437,0.5625,2.79885555555556,0.417523549244953,0.563759128537257,0.883780185185185,5.46875,4.21875,5.5,4.625,5.4375,3.8125,0.194512567067933,0.193545497587879,0.200975001687198
27890,0.6875,3.09941818181818,0.447127580031822,-0.171341424561113,0.681025968614719,0.8125,3.58234615384615,0.588396302399575,-0.162347894463708,0.63566667705793,0.699146254578755,0.5625,2.40185555555556,0.355212988365068,0.520116872337505,0.654852222222222,5.28125,4.3125,5.5,4.75,5.0625,3.875,0.221815824670906,0.226806669458133,0.234193933394089
27956,0.59375,2.22105789473684,0.308914806576757,-0.247253609177526,0.611120977443609,0.625,2.70448,0.489521579943018,-0.175102715696666,0.547496597854021,0.723597190476191,0.5625,1.68392222222222,0.216478257331757,0.425104893375237,0.486147407407407,5.5625,3.65625,5.5625,3.625,5.5625,3.6875,0.267327565574489,0.231098029935514,0.334041556419207
28034,0.625,3.81818,0.556340868658862,-0.0475483433519774,1.04395186904762,0.6875,3.88967272727273,0.666997399977183,-0.0548875818990986,0.67544524074947,0.954937337662337,0.5625,3.7308,0.542521809107123,0.656672261255499,1.15274740740741,5.1875,4.375,5.5,4.625,4.875,4.125,0.163690554138359,0.176750088813268,0.150771952396269
28769,0.34375,2.13996545454545,0.291277894098444,-0.276037875678055,0.619330825757576,0.625,2.1901185,0.47885642595606,-0.24479841436725,0.484607428607081,0.599342158333333,0.0625,1.638435,0.21442921672769,0.421346399445853,0.8192175,5.5625,2.46875,5.5,4.375,5.625,0.5625,0.160633434184579,0.285372686455094,0.0381461577664051
29529,0.65625,4.58634285714286,0.519952218302261,-0.0580678893657277,0.911864353741496,0.6875,4.39677272727273,0.652534208988062,-0.0443824198531278,0.660306376064248,0.938911464646464,0.625,4.79487,0.503685850804423,0.643984825204257,0.882112531746032,5.5,4.75,5.625,4.875,5.375,4.625,0.143087863345834,0.156364688976419,0.130347642376123
30092,0.6875,1.74707590909091,0.196613837786594,-0.419429957763703,0.410838785984849,0.8125,2.02355538461538,0.421065527365027,-0.383562667966984,0.461807776704242,0.442426548076923,0.5625,1.34771666666667,0.102443219291372,0.362215611652828,0.365212018518519,5.46875,4.4375,5.4375,4.5625,5.5,4.3125,0.393514670096814,0.401521009099749,0.417372593151379
30154,0.5625,3.75552222222222,0.510248718376164,-0.00311838886739671,0.990224074074074,0.5625,2.77483333333333,0.634898958007537,-0.0916434911256617,0.571345038657255,0.81242037037037,0.5625,4.73621111111111,0.587566221266132,0.69845287735782,1.16802777777778,5.375,3.46875,5.375,3.375,5.375,3.5625,0.149779435912153,0.202714877770437,0.118765820780324
30514,0.625,2.909375,0.438925420824307,-0.131862266136712,0.679357797619048,0.5625,3.41237777777778,0.57897797970218,-0.0525076952914546,0.637912619042835,0.805220793650794,0.6875,2.49782727272727,0.371351211760817,0.530758729332553,0.576378982683983,5.5625,4.28125,5.625,4.25,5.5,4.3125,0.214822771213749,0.164841068788789,0.275239207893406
30576,0.769230769230769,4.721914,0.63575781591552,0.0216821777784006,1.1344047077381,0.666666666666667,5.4372295,0.73327502932625,0.0401005560042864,0.788242739709363,1.21624419047619,0.909090909090909,4.0065985,0.569063352960885,0.678307318943138,1.052565225,4.84615384615385,4.07692307692308,5.26666666666667,4.13333333333333,4.27272727272727,4,0.162906560608848,0.122611463552654,0.226898429950221
30819,0.296296296296296,2.5779375,0.406930885922269,-0.227761104561719,0.794917291666667,0,NA,0.551378718398713,-0.322472729944796,NA,NA,0.5,2.5779375,0.406930885922269,0.551378718398713,0.794917291666667,5.22222222222222,3.07407407407407,5.36363636363636,2.36363636363636,5.125,3.5625,0.114935407199087,NA,0.193953499648459
31431,0.71875,7.09411304347826,0.675737494699417,0.0405666096086461,1.41701681504486,0.625,2.46477,0.783532688866276,-0.172383245053831,0.523930677154828,0.54861869047619,0.8125,10.6551461538462,0.919379169712986,0.983226544028928,2.08501537240537,5.53125,4.625,5.625,4.5,5.4375,4.75,0.101316400738886,0.253573355728932,0.0762542332379659
31831,0.548387096774194,2.26797058823529,0.325584767069215,-0.155927503504105,0.656086470588235,0.5625,2.27174444444444,0.499130399478183,-0.124390823681063,0.509137394978804,0.678199814814815,0.533333333333333,2.263725,0.304272251272459,0.487872529539986,0.631208958333333,5.03225806451613,3.74193548387097,5.0625,3.6875,5,3.8,0.241796388197826,0.247607076304553,0.235599877782563
32201,0.625,2.21013,0.30663530275163,-0.253236626999008,0.556773333333333,0.5625,2.30575555555556,0.489593760532673,-0.183348765715488,0.505852637164607,0.637130740740741,0.6875,2.13189090909091,0.283175461854012,0.476291043288363,0.491026363636364,5.40625,4.1875,5.5,3.9375,5.3125,4.4375,0.28278879522924,0.243954741275456,0.322483667934569
33296,0.59375,1.84752105263158,0.234234008543533,-0.291849778074043,0.479338872180451,0.6875,1.84284545454545,0.441295314054338,-0.359401158310452,0.439292494669,0.448795021645022,0.5,1.85395,0.240029561479601,0.444049190709177,0.521336666666667,5.03125,4.15625,5.125,4.4375,4.9375,3.875,0.321376581422048,0.373064381662745,0.269694436203781
33333,0.6875,2.327,0.331410805906839,-0.251585926788872,0.564875974025974,0.75,2.49908333333333,0.505555703941577,-0.242855683085371,0.529657776363886,0.594653174603174,0.625,2.1205,0.287613200823244,0.476633217034805,0.529143333333333,5.5,4.5,5.5,4.75,5.5,4.25,0.295444778685002,0.300110040348128,0.294741806177788
33686,0.78125,5.54934,0.693000078846154,0.0260665035165354,1.21538276507937,0.625,4.27888,0.779510384253041,-0.0149096171325159,0.706087962194957,1.26455923809524,0.9375,6.39631333333333,0.750550145120387,0.828458665625097,1.18259844973545,5.4375,4.71875,5.3125,4,5.5625,5.4375,0.140782507469357,0.146066260329806,0.146568804738563
34585,0.645161290322581,5.336485,0.69255485529985,0.0922070452604719,1.2519639047619,0.6,6.16023333333333,0.777147867166926,0.137339908985509,0.827475023066576,1.38332161375661,0.6875,4.66250909090909,0.64393758395788,0.73597110324903,1.14448941558441,5.61290322580645,4.03225806451613,5.73333333333333,3.93333333333333,5.5,4.125,0.120896299778334,0.0973989080500197,0.147452795607515
35626,0.46875,2.982501,0.456182670346315,-0.0937363807138792,0.83919831031746,0.4375,3.14026285714286,0.5899181567173,-0.08691337573942,0.606497412976592,0.892277831632653,0.5,2.844459375,0.436207602499749,0.575411307490419,0.792753729166667,5.5,3.53125,5.5,3.375,5.5,3.6875,0.157166753674182,0.139319547408224,0.175780327324942
36133,0.5625,2.38471916666667,0.343858906172843,-0.188154085421617,0.685029430555556,0.5625,2.54713388888889,0.51281991239657,-0.152801794199399,0.530307512403862,0.774878675925926,0.5625,2.22230444444444,0.319513693551369,0.495332312389278,0.595180185185185,5.15625,3.53125,5.1875,3.5,5.125,3.5625,0.235876831059422,0.220836447763401,0.253115634721515
36160,0.625,3.5422485,0.383183918740727,-0.137870562821589,0.70531657390873,0.6875,4.54803136363636,0.549775552950074,-0.12865143242364,0.590792576946737,0.81894964520202,0.5625,2.31295833333333,0.321305696353454,0.499643634731931,0.566431708994709,5.5625,4.40625,5.5,4.5625,5.625,4.25,0.176441601993762,0.151164304955521,0.243195042424024
37582,0.5625,2.41215,0.363501637210564,-0.172675973284062,0.674162962962963,0.5,2.2351375,0.523572136439678,-0.162730029472626,0.505982198210585,0.700030416666667,0.625,2.55376,0.381497313097694,0.537644087022954,0.653469,5.6875,3.9375,5.75,3.4375,5.625,4.4375,0.233194453081276,0.22369988423531,0.2447371718564
37602,0.6875,3.91640863636364,0.524264703320388,-0.084496850091508,0.891353251443002,0.6875,3.43789454545455,0.648231973342808,-0.136145486625222,0.620775109586972,0.761232992063492,0.6875,4.39492272727273,0.558959977841326,0.675688837098645,1.02147351082251,5.3125,4.40625,5.4375,4.5,5.1875,4.3125,0.175543479711642,0.199977047262542,0.156430509172258
37690,0.59375,2.45722763157895,0.362164871557385,-0.154023651480872,0.626414500626566,0.5,2.6595375,0.524749360021496,-0.137864514573565,0.546240430651347,0.705591145833333,0.6875,2.31009318181818,0.340895839437843,0.509119490472513,0.568831485930736,5.34375,4.25,5.4375,4.125,5.25,4.375,0.241634105188078,0.188002613236324,0.297607042612409
38087,0.78125,2.32506,0.322518177436903,-0.299719476829062,0.49800646984127,0.8125,2.47085384615385,0.500486270575786,-0.277347823129691,0.525883586112096,0.550199795482295,0.75,2.16711666666667,0.276906273787452,0.472972512078117,0.441463700396825,5.4375,4.78125,5.5,5,5.375,4.5625,0.3360128340774,0.328833694985539,0.346081967591346
38934,0.59375,2.57787078947368,0.37254988585797,-0.22162277688846,0.628554388784461,0.75,2.86952083333333,0.53395787671651,-0.203780150645095,0.566578114860624,0.627115358630952,0.4375,2.07789928571429,0.293954587310848,0.478037468469458,0.631021297619048,5.4375,4.21875,5.5,5.0625,5.375,3.375,0.230325741082323,0.261367678982408,0.210549184461367
39264,0.6875,2.35442727272727,0.353438861478015,-0.262575470839956,0.584300692640693,0.6875,2.35974545454545,0.516720419291679,-0.255803267977604,0.518905697459908,0.589258658008658,0.6875,2.34910909090909,0.349236645412477,0.51453514112345,0.579342727272727,5.21875,4.15625,5.1875,4.25,5.25,4.0625,0.292003073513342,0.291344983280169,0.292664143466382
39321,0.3125,3.776467,0.5399684895201,0.00663033537994066,1.10620826666667,0.25,2.73713125,0.655878468749778,-0.0513106766768849,0.571566283283191,0.853307104166667,0.375,4.4693575,0.609615654303425,0.71208659239417,1.27480904166667,5.25,2.84375,5.3125,2.875,5.1875,2.8125,0.0827492998085247,0.0913365042323053,0.0839046775739018
40697,0.6875,3.22145454545455,0.470639581200504,-0.147430704005831,0.766129112554113,0.75,3.41016666666667,0.605007319921456,-0.143955665867513,0.624924500540732,0.782595238095238,0.625,2.995,0.437762573483421,0.581106703178325,0.746369761904762,5.1875,4.5,5.1875,4.5,5.1875,4.5,0.213412913421379,0.219930599677435,0.208681135225376
41169,0.225806451612903,2.97620714285714,0.41141943332755,-0.255891404195462,0.780288785714286,0,NA,0.566887233128011,-0.444683761999483,NA,NA,0.4375,2.97620714285714,0.41141943332755,0.566887233128011,0.780288785714286,3.35483870967742,1.64516129032258,1.2,0.133333333333333,5.375,3.0625,0.0758705428668954,NA,0.14699917680461
41538,0.625,6.90024,0.603390022640544,0.0138887476297766,1.79922393253968,0.625,9.00627,0.720040084851618,0.0322040928494403,0.796006130804134,2.56285312698413,0.625,4.79421,0.514333958991981,0.644074038899102,1.03559473809524,5.375,4.46875,5.3125,4.5,5.4375,4.4375,0.090576559655896,0.0693960984958257,0.130365586822438
42031,0.483870967741935,1.75628666666667,0.208786325785168,-0.33006139029507,0.520345666666667,0.5,1.8394625,0.42645976688201,-0.300092082471444,0.435355112658628,0.563470625,0.466666666666667,1.66122857142857,0.195333114054833,0.416293657423019,0.47106,5.35483870967742,3.61290322580645,5.5,4.3125,5.2,2.86666666666667,0.275507966282233,0.271818533946737,0.280916590704527
42130,0.65625,1.64518095238095,0.159043722184115,-0.443626923527552,0.379762208994709,0.6875,1.9604,0.39918627649639,-0.424502005354305,0.440766512989751,0.415590126262626,0.625,1.29844,0.0880718564777299,0.353448016353692,0.3403515,5.4375,4.5625,5.5,5,5.375,4.125,0.398892291483351,0.350693735972251,0.481346846985613
42318,0.46875,1.72695333333333,0.19411275411648,-0.294057276718784,0.501654,0.375,1.24631666666667,0.419433736227654,-0.361100125720048,0.339997737418958,0.416368611111111,0.5625,2.04737777777778,0.285128397818362,0.472391068766784,0.558510925925926,5.40625,3.9375,5.5625,4.1875,5.25,3.6875,0.271431770015017,0.300886612551652,0.274741674988061
42882,0.53125,2.87804117647059,0.448648043620143,-0.052849318861476,0.852121764705882,0.5625,2.97318888888889,0.582811247689386,-0.0700419044455627,0.591571302835132,0.858836111111111,0.5,2.771,0.436204389817827,0.572956185650421,0.844568125,5.53125,3.875,5.4375,4,5.625,3.75,0.184587352100183,0.189190805233438,0.180440274269217
42900,0.625,3.568505,0.499843572919481,-0.0413662916082793,0.91193993452381,0.6875,3.8355,0.627813687587627,-0.0404191407597102,0.644633063465635,0.974577911255411,0.5625,3.24217777777778,0.475305032422372,0.607256672625618,0.835382407407407,5.4375,4.15625,5.4375,4.625,5.4375,3.6875,0.175143372364618,0.179246512840568,0.173494496154848
42942,0.40625,3.21849230769231,0.498384277355985,0.0362508143394305,1.01915,0.375,3.11271666666667,0.619682037171293,-0.0725826249911133,0.605758264847241,0.886680555555555,0.4375,3.30915714285714,0.515023435318871,0.631616699163337,1.13269523809524,5.28125,3.46875,5.4375,4.0625,5.125,2.875,0.126223697670194,0.120473541333133,0.132208892208201
43006,0.6875,5.90631840909091,0.66984240969138,0.107298870754612,1.21843072591991,0.8125,5.92014576923077,0.774888588669664,0.0458410435046405,0.806194699595052,1.18758889514652,0.5625,5.88634555555556,0.594685816169174,0.729668650666327,1.26298003703704,5.28125,4.59375,5.625,5.1875,4.9375,4,0.116400768191199,0.137243242256444,0.0955601390864847
43182,0.6875,3.74817727272727,0.541004688053472,-0.058060620669053,0.888697615440115,0.75,4.17200833333333,0.656312791873463,-0.0490352645767061,0.690249888445039,0.930754933862434,0.625,3.23958,0.490216050777261,0.615588275987573,0.838228833333333,5.5,4.34375,5.5,4.5625,5.5,4.125,0.183422487778908,0.179769535455546,0.192926243525395
43332,0.78125,3.01026,0.435099443838962,-0.16566117466409,0.66944759047619,0.75,3.2668,0.578007564212994,-0.133393492925536,0.586581243499125,0.699621646825397,0.8125,2.77345384615385,0.430788046578083,0.570093398718103,0.641594615384615,5.3125,4.4375,5.125,4.3125,5.5,4.5625,0.259529077222565,0.229582466021795,0.29295601984751
43669,0.65625,2.38337214285714,0.351346406712113,-0.264205298532626,0.58228341723356,0.6875,2.45234045454545,0.516754291691204,-0.254199238808044,0.524051609266746,0.583954501082251,0.625,2.307507,0.340940005062862,0.508727242358109,0.580445225,5.1875,4.0625,5.25,3.8125,5.125,4.3125,0.275345166707076,0.280344435343676,0.270855082996498
43799,0.592592592592593,3.5540875,0.521059214419733,-0.031047467677187,0.8993253125,0.615384615384615,3.7740875,0.640909530803188,-0.0145077188207369,0.662535301678564,0.914610208333333,0.571428571428571,3.3340875,0.491788942076516,0.619283759927811,0.884040416666667,4.44444444444444,3.7037037037037,4.53846153846154,3.84615384615385,4.35714285714286,3.57142857142857,0.166735510195681,0.163055206161652,0.171389794487569
44151,0.4375,2.93610285714286,0.440304931695066,-0.0524783106709292,0.849461035714286,0.3125,2.989059,0.579837944471587,0.022140449032807,0.58424946817309,0.997071266666667,0.5625,2.90668277777778,0.437275643193732,0.577387097970752,0.767455351851852,5.46875,3.59375,5.625,2.8125,5.3125,4.375,0.149007041403766,0.104547953051445,0.193519569558961
44323,0.4375,2.25240714285714,0.330457507398121,-0.182340439361085,0.539177091836735,0.25,2.682675,0.501613636215806,-0.135612057375595,0.556785098458087,0.547332738095238,0.625,2.0803,0.298404014698157,0.479545051318893,0.535914833333333,5.6875,3.875,5.9375,3.4375,5.4375,4.3125,0.194236642068644,0.0931905653871602,0.300437436908138
44526,0.65625,3.41650952380952,0.499324357892204,-0.0379444384341866,0.868600498866213,0.625,3.95903,0.624271222192585,0.0311262288380052,0.668684941422891,1.0286680952381,0.6875,2.92330909090909,0.447856787217895,0.583895113801397,0.723084502164502,5.375,4.21875,5.375,4.1875,5.375,4.25,0.192082005165394,0.157866952258508,0.235178689156746
44713,0.5,1.74669375,0.197320556631303,-0.346528328502222,0.580248333333333,0.5,2.0250875,0.419115142490618,-0.309196042409198,0.449512339926331,0.705644375,0.5,1.4683,0.155434229134281,0.388717945054905,0.454852291666667,5.46875,3.625,5.5,3.5625,5.4375,3.6875,0.286255103391765,0.246902911602585,0.340529864469114
45158,0.774193548387097,5.38167625,0.502333558617097,-0.14078384898828,0.918330958498677,0.733333333333333,1.85483545454545,0.65362919090673,-0.357668272206745,0.440364351121912,0.381045876984127,0.8125,8.36592615384615,0.730466670515076,0.834084055340038,1.3729567967033,5.16129032258065,4.74193548387097,4.93333333333333,4.4,5.375,5.0625,0.143857324822744,0.395363012679226,0.097120149647324
45722,0.645161290322581,3.256175,0.462920938472527,-0.160442002455053,0.840032333333333,0.6875,2.44340909090909,0.599933489155982,-0.250236350190889,0.529811125558271,0.59737,0.6,4.24955555555556,0.572610344982192,0.68563860021985,1.13661962962963,5.38709677419355,4.45161290322581,5.5625,4.75,5.2,4.13333333333333,0.198134710303525,0.281369174960469,0.141191235684777
46540,0.5,1.750425,0.223136241405117,-0.352650505680839,0.504082961309524,0.4375,1.93511428571429,0.431414510759009,-0.297393408811883,0.463455050826313,0.597894149659864,0.5625,1.60677777777778,0.181112460298518,0.406494090706661,0.431118703703704,5.1875,3.3125,5.375,3.125,5,3.5,0.285644914806404,0.2260848381048,0.350079524237605
46547,0.71875,2.48666956521739,0.333514879409412,-0.208809140437741,0.547844736024845,0.625,2.40913,0.512293102247483,-0.157308488436868,0.497112922493429,0.569778,0.8125,2.54631538461538,0.353043496429633,0.523970163596756,0.530972994505495,5.40625,4.4375,5.25,3.875,5.5625,5,0.289041218042641,0.259429752649297,0.319088517042725
46720,0.5625,3.35156111111111,0.494197526730421,-0.0688743535694514,0.894364074074074,0.625,3.38266,0.620937186450756,-0.0627207641180248,0.623749154140493,0.851562166666667,0.5,3.3126875,0.489505602956051,0.617422226838585,0.947866458333333,5.09375,3.625,4.9375,3.8125,5.25,3.4375,0.167832237381917,0.184765835171138,0.150934852744184
47034,0.6875,3.60910909090909,0.533259845372923,-0.0765186340138984,0.876401412337662,0.625,3.52496,0.649039763550668,-0.0498052090229287,0.644836210916628,0.924526047619048,0.75,3.67923333333333,0.536621558474732,0.652542724079035,0.836297549603175,5.53125,4.65625,5.5625,4.6875,5.5,4.625,0.190490224230608,0.177306976533067,0.203846815912735
47403,0.625,3.01486,0.396200010551082,-0.129893950149577,0.695258777777778,0.625,2.31811,0.554746615232333,-0.236206925842236,0.513968997362049,0.590711666666667,0.625,3.71161,0.441878863836255,0.595524233102616,0.799805888888889,5.4375,4.375,5.375,4.25,5.5,4.5,0.207306475259216,0.269616195952737,0.168390536721261
47648,0.5625,2.27171666666667,0.328478069217899,-0.205558297445826,0.575519425925926,0.5625,2.25837166666667,0.501667732494813,-0.210313714284852,0.493414915137549,0.510763333333333,0.5625,2.28506166666667,0.344818490776215,0.509920549852078,0.640275518518519,5.53125,4.28125,5.625,4.5625,5.4375,4,0.247610103959561,0.249073262963064,0.246164034960399
47824,0.8125,2.53555384615385,0.38188927172206,-0.279967006604965,0.604139571123321,0.875,2.66380714285714,0.537482032730566,-0.257922584690331,0.553820198412718,0.632805674603175,0.75,2.385925,0.354735234508281,0.518420839434722,0.570695783730159,5.40625,4.78125,5.5,4.75,5.3125,4.8125,0.320442810249316,0.328477233175932,0.314343493613588
48075,0.5625,2.17168888888889,0.286176627220465,-0.340706592469155,0.602798690476191,0.5,2.43534375,0.47804636669659,-0.345510803509779,0.493320163749711,0.73589853125,0.625,1.960765,0.279065504081195,0.465827329054093,0.496318817857143,5.34375,4,5.5,4,5.1875,4,0.259015001125596,0.20530982535833,0.318753139718426
48855,0.625,4.47788,0.612023589910788,0.0577035518333376,1.09964846428571,0.625,5.12584,0.713213429228957,0.108689313800367,0.761199360802729,1.20384642857143,0.625,3.82992,0.553358063152808,0.665227497655185,0.9954505,5,3.90625,5,4.25,5,3.5625,0.139574977444684,0.121931234685437,0.163188787233154
48948,0.5625,3.51517777777778,0.51425992755407,0.0196188398051971,0.959593333333333,0.5625,3.83055555555556,0.635132896481413,0.0549228165423142,0.66011787398691,1.03787703703704,0.5625,3.1998,0.482265931282519,0.610147918975917,0.881309629629629,5.5,3.8125,5.5,3.875,5.5,3.75,0.160020356169753,0.146845540246555,0.175792237014813
49680,0.75,5.219406875,0.626805701297248,0.0703950238225921,0.991907382936508,0.75,5.25133416666667,0.730401238772728,0.103566682738469,0.757403664468373,1.02749586259921,0.75,5.18747958333333,0.587621201401867,0.703398813077084,0.95631890327381,5.53125,4.875,5.5625,4.6875,5.5,5.0625,0.14369448827459,0.142820848225713,0.144578882278332
50041,0.71875,4.19739130434783,0.533338621256527,-0.0604345501408505,0.915291961697722,0.75,2.93315833333333,0.657219572574077,-0.181303949106589,0.583995426169634,0.706894464285714,0.6875,5.57655454545455,0.626422666019506,0.737100459560742,1.14263468614719,5.46875,4.46875,5.5,4.25,5.4375,4.6875,0.171237310959188,0.255697072836732,0.123284008861777
50170,0.5625,2.19322222222222,0.328404007036352,-0.268154755118765,0.606840079365079,0.625,2.2705,0.498334109050946,-0.248457913719457,0.507625046606447,0.654020476190476,0.5,2.096625,0.312118205344824,0.48672043710657,0.547864583333333,4.8125,3.59375,4.625,3.75,5,3.4375,0.256471959065809,0.275269764369082,0.238478507124545
50707,0.65625,8.13135238095238,0.514236512280851,-0.106868729638165,1.28675805933484,0.4375,1.69898571428571,0.677151275689762,-0.196217610757727,0.407141347923133,0.472245408163265,0.875,11.3475357142857,0.683857006475827,0.812156239573077,1.69401438492063,5.5,4.375,5.5,3.625,5.5,5.125,0.0807061321727072,0.257506579555869,0.0771092527956038
50955,0.53125,2.08122911764706,0.300089778645629,-0.23978834556934,0.587137803921569,0.4375,2.01997857142857,0.480870069787635,-0.255773467889423,0.475298294755658,0.608942452380952,0.625,2.1241045,0.303693449350952,0.484770312310019,0.57187455,5.4375,3.8125,5.4375,3.75,5.4375,3.875,0.255257816400631,0.216586456009081,0.29424164394925
51305,0.645161290322581,3.239495,0.452383657911837,-0.132837023067854,0.718364130952381,0.6875,3.33788181818182,0.595816729690104,-0.167311451755107,0.600341586456204,0.69103012987013,0.6,3.11924444444444,0.446705528776375,0.590286349198205,0.751772354497354,5.29032258064516,4.2258064516129,5.375,4.625,5.2,3.8,0.199154896155907,0.205968946010943,0.192354273826995
51600,0.65625,4.13559857142857,0.589087089812271,-0.0120238728804548,0.986416044784581,0.6875,4.51875818181818,0.693083202510815,0.0125059226427114,0.723902524517959,1.01635700974026,0.625,3.714123,0.546545272303632,0.659181948302958,0.953480983333333,5.46875,4.28125,5.5,4.3125,5.4375,4.25,0.15868319631741,0.152143569613051,0.168276602578859
51716,0.580645161290323,4.62859444444444,0.648821562829709,0.0611627885398538,1.22622685185185,0.533333333333333,4.9080125,0.739680981891662,0.115530265089268,0.764018788541063,1.30544916666667,0.625,4.40506,0.623833797274133,0.720210736572141,1.162849,5.54838709677419,3.45161290322581,5.73333333333333,3.06666666666667,5.375,3.8125,0.12544740487844,0.108665846579106,0.141882289912056
51895,0.6875,2.13584545454545,0.301593591196616,-0.292956074913855,0.529158138528139,0.6875,2.26135454545455,0.484109364806534,-0.246923775437436,0.502133738078397,0.566061623376623,0.6875,2.01033636363636,0.273185354649987,0.466084991534672,0.492254653679654,5.46875,4.40625,5.4375,4.5625,5.5,4.25,0.32188658525685,0.304021322698785,0.341982571889824
52712,0.40625,6.57645384615385,0.680173561403251,0.334025438466131,1.78802833333333,0.5,8.112825,0.781034279034407,0.329780866861963,0.841175818038619,1.92097625,0.3125,4.11826,0.576479478331195,0.684807816627669,1.57531166666667,6.03125,2.46875,5.6875,3.375,6.375,1.5625,0.0617734130739152,0.0616308129412381,0.0758815616303973
53670,0,NA,NA,-0.125216995310305,NA,0,NA,NA,-0.147115946047458,NA,NA,0,NA,NA,NA,NA,3.4,1.2,3,1,5,2,NA,NA,NA
54209,0.65625,2.27360476190476,0.32696475064097,-0.219039471419622,0.604022069160998,0.6875,2.26463636363636,0.501022215783581,-0.301208592906689,0.497939968329288,0.577099707792208,0.625,2.28347,0.332387749022433,0.504412687983302,0.633636666666667,5.46875,4.53125,5.5,4.875,5.4375,4.1875,0.288638558027215,0.303580747460961,0.273706245319623
54389,0.53125,1.89622941176471,0.244490299015327,-0.259628359669618,0.538641148459384,0.5,2.1795625,0.447851834366222,-0.223150238959463,0.489207662680816,0.648483065476191,0.5625,1.64437777777778,0.185850013253509,0.411091098086583,0.441003888888889,4.96875,3.5,5,3.25,4.9375,3.75,0.280161248794046,0.22940383677917,0.342074678703191
54910,0.387096774193548,4.37091666666667,0.596566258920787,0.0676279646117553,1.27934597222222,0.466666666666667,5.5263,0.70191534974935,0.14891508281701,0.799106374669381,1.53602190476191,0.3125,2.75338,0.423635009736591,0.565847914861307,0.919999666666667,5.19354838709677,2.2258064516129,5.4,2.8,5,1.6875,0.0885619204652453,0.0844446857149751,0.113496865670558
55091,0.59375,3.12879236842105,0.466476292930856,-0.146195297531471,0.828249567042607,0.6875,2.85367136363636,0.600442084871302,-0.164937134982499,0.564126475205731,0.677690661255411,0.5,3.50708375,0.539141926155972,0.650376048161461,1.0352680625,5.53125,4.21875,5.4375,4.4375,5.625,4,0.189769703478162,0.240917720505817,0.142568594205941
56054,0.625,2.49257975,0.357646839738784,-0.231300006239876,0.604048939583333,0.6875,2.56612681818182,0.523749688792703,-0.228770064891397,0.537347334129802,0.614084685606061,0.5625,2.40268888888889,0.329765081471366,0.507130344491805,0.591783027777778,5.5,4.21875,5.5,3.8125,5.5,4.625,0.250744233960819,0.267913493257171,0.234112707059683
56438,0.71875,3.21790869565217,0.479316529579613,-0.133575302391463,0.761937033643892,0.6875,3.29650863636364,0.608912963975788,-0.119121214750273,0.613549532124651,0.79939821969697,0.75,3.14585875,0.474719046005504,0.604662776505996,0.727597613095238,5.375,4.46875,5.5,4.25,5.25,4.6875,0.223359351671826,0.208553981147272,0.238408669810747
56904,0.65625,3.09512833333333,0.464574084651473,-0.10550033572561,0.808944485827664,0.625,2.9359485,0.59760869439449,-0.109197417618787,0.577828617111502,0.792309419047619,0.6875,3.23983727272727,0.490346006107807,0.615590582833571,0.824067273809524,5.46875,4.28125,5.4375,4.25,5.5,4.3125,0.212026749563965,0.212878393473183,0.212202015757806
57315,0.65625,7.5024380952381,0.735321583115674,0.0806154764632936,1.63350798752834,0.5,2.79605,0.82973918660156,-0.149812012859384,0.5540453622503,0.776641994047619,0.8125,10.3986769230769,0.943549973970259,0.999396924663874,2.16081013736264,5.375,4.09375,5.3125,3.625,5.4375,4.5625,0.0874715647992526,0.178823697716421,0.0781349402438772
57521,0.53125,3.80720588235294,0.549781004286388,-0.00442775195249443,1.08467029411765,0.625,4.45977,0.662729768842547,0.005102901312346,0.721101419757687,1.27950316666667,0.4375,2.87497142857143,0.441771856098225,0.579341696106633,0.806337619047619,5.28125,3.59375,5.25,3.8125,5.3125,3.375,0.139538027733787,0.140141756189221,0.152175425345842
58290,0.65625,2.04614285714286,0.283188135278807,-0.311138897138486,0.48070727324263,0.5625,1.99176666666667,0.471586773074261,-0.287999388368067,0.462473177535575,0.48171537037037,0.75,2.086925,0.293777353444611,0.478421969728274,0.479951200396825,5.5,4.1875,5.5625,4.125,5.4375,4.25,0.320725406688543,0.282412598530618,0.359380428141883
59145,0.71875,5.88867391304348,0.703510959738563,0.0793486844980549,1.2383266994479,0.625,5.01954,0.788996730187287,0.0811998850544752,0.763803492284599,1.1889023968254,0.8125,6.55723846153846,0.723492349056996,0.808376143958586,1.27634539377289,5.5,4.53125,5.5,4.0625,5.5,5,0.122056342499788,0.124513401626444,0.123908868766284
59464,0.71875,3.81921739130435,0.545475571603412,-0.0459243437883814,0.85335399068323,0.75,3.89179166666667,0.659909570505585,-0.0207562721761997,0.663745538643463,0.881136041666667,0.6875,3.74004545454545,0.538960531784842,0.655724877991535,0.823046298701299,5.21875,4.5,5.125,4.3125,5.3125,4.6875,0.188193005623734,0.192713296146805,0.183821295317266
60182,0.5625,3.05733972222222,0.47078606061671,-0.0765683662252364,0.803481277777778,0.5,2.96928625,0.600070507363192,-0.107840836016051,0.593400382595833,0.748629625,0.625,3.1277825,0.477044481002274,0.605406607177078,0.8473626,5.4375,3.375,5.375,3.3125,5.5,3.4375,0.183983479464673,0.168390635965125,0.199822078421374
60777,0.625,1.983355,0.271182697790371,-0.325973245228906,0.500445589285714,0.6875,1.94617272727273,0.463332679185994,-0.330947724819072,0.458805658097937,0.478187586580087,0.5625,2.0288,0.278057084855564,0.468865704960285,0.527649814814815,5.40625,4.3125,5.375,4.6875,5.4375,3.9375,0.315122607904283,0.35325744234605,0.277257492113565
61063,0.65625,2.43728095238095,0.346809968242046,-0.203395263672416,0.546802244897959,0.625,2.50712,0.516536978194938,-0.247682789887597,0.519498997761878,0.518916714285714,0.6875,2.37379090909091,0.345946509754318,0.513844233134083,0.572152727272727,5.5625,4.53125,5.625,4.625,5.5,4.4375,0.26925496601404,0.249290022017295,0.289621127693716
61395,0.5625,3.21263388888889,0.481676005599216,-0.0716278761810702,0.886097765873016,0.625,2.936278,0.609423263696304,-0.120292915909166,0.585027653369948,0.774848636904762,0.5,3.55807875,0.521683367737079,0.639917776604249,1.02515917708333,5.53125,3.53125,5.5,4.1875,5.5625,2.875,0.175089978956346,0.212854504920856,0.140525276457133
61643,0.59375,4.23525789473684,0.576258191434762,-0.0042386293995915,0.906668159983291,0.625,4.35089,0.686105969603554,-0.0513410997653386,0.697974200864296,0.833751226190476,0.5625,4.10677777777778,0.559205054105146,0.672919045980508,0.987686975308641,5.34375,4.03125,5.4375,4.0625,5.25,4,0.140192171234213,0.14364877071128,0.136968696734396
62415,0.625,2.37941,0.343313389814785,-0.201203788078417,0.579121458333333,0.75,2.42976666666667,0.51277634964769,-0.223286427961552,0.519521717348047,0.557167847222222,0.5,2.303875,0.328025582468698,0.502658298097154,0.612051875,5.28125,4.125,5.375,4.5625,5.1875,3.6875,0.262670157728176,0.308671614558325,0.217025663284683
62705,0.59375,2.66965,0.402943842363747,-0.1507613673217,0.701347197994987,0.5625,2.76685166666667,0.552621736973002,-0.111024815716845,0.566185085328194,0.772132197089947,0.625,2.5821685,0.384418069046575,0.540414723453329,0.637640698809524,5.5625,4.09375,5.5625,4.0625,5.5625,4.125,0.222407431685802,0.203299658878232,0.242044622572075
63424,0.5625,3.92624305555556,0.571659043002241,0.019463906018407,1.08165768452381,0.5,3.860469375,0.678470351181498,0.00535792273287547,0.663784756177343,1.09991125892857,0.625,3.978862,0.588434383629089,0.690218827184822,1.067054825,5.09375,3.6875,5.5,4.0625,4.6875,3.3125,0.143266729043703,0.129517929409814,0.1570800897342
63525,0.59375,8.23802105263158,0.890697345968656,0.233668478443934,2.09143630325815,0.5625,8.4566,0.94603596839889,0.268101873479747,0.951406070992772,2.01743534391534,0.625,8.0413,0.886105580887595,0.941202876064397,2.15803716666667,5.375,3.9375,5.3125,4.0625,5.4375,3.8125,0.072074348463862,0.0665160939384623,0.0777237511347668
63685,0.625,2.570155,0.381681091418674,-0.168682516167142,0.707846345238095,0.625,2.41773,0.538500302011399,-0.219665660859461,0.517920636929448,0.68897669047619,0.625,2.72258,0.41286615433954,0.55907996709335,0.726716,5.1875,3.78125,5.1875,3.8125,5.1875,3.75,0.243175995222078,0.258506946598669,0.229561665772907
64203,0.5625,4.37745555555556,0.511645751008211,0.0023864666184108,1.00025342592593,0.625,3.41506,0.640419783617443,-0.0959179771416175,0.632984806994309,0.890778166666667,0.5,5.58045,0.509993494239508,0.64971350439636,1.1370975,5.21875,3.875,5.3125,4.125,5.125,3.625,0.128499305786467,0.183012889963866,0.0895985090808089
64263,0.53125,3.01506323529412,0.4455664679675,-0.167131991273411,0.715225698179272,0.4375,3.12498214285714,0.585943788318995,-0.12709203218895,0.602684549946203,0.719387528911565,0.625,2.93812,0.427061463163437,0.574225255179949,0.712312416666667,5.53125,3.59375,5.5625,3.1875,5.5,4,0.176198626211625,0.140000800004571,0.212721059725267
64310,0.625,2.651995,0.384710648842956,-0.15755333391329,0.618180327380952,0.6875,2.87685454545455,0.543311260072698,-0.127367461350671,0.578206073053157,0.674208701298701,0.5625,2.37716666666667,0.31743754440635,0.500662044207693,0.549701203703704,5.46875,4.1875,5.5,4.5,5.4375,3.875,0.235671635881666,0.238976280912866,0.236626235714787
64405,0.5625,1.45879444444444,0.142317742415277,-0.488150173588299,0.383100978835979,0.6875,1.62864545454545,0.383378445694052,-0.442433278191256,0.414004240630339,0.410536298701299,0.4375,1.19188571428571,0.0572163131113166,0.335252196508459,0.339988333333333,5.09375,3.6875,5,3.875,5.1875,3.5,0.385592365080755,0.422129935082696,0.367065394572826
65348,0.375,2.81436833333333,0.440008713153662,-0.170882277751063,0.740524948412698,0.3125,3.149818,0.576401764777472,-0.185123363819624,0.615027234507656,0.763278542857143,0.4375,2.57476142857143,0.40209881398097,0.548812143541626,0.724272380952381,4.9375,3.3125,5.125,3.0625,4.75,3.5625,0.133244819293376,0.0992120814599447,0.169918655431599
66088,0.78125,3.198076,0.457435904684178,-0.176048407373719,0.681221563492064,0.8125,3.32850769230769,0.597179432837812,-0.163593081073751,0.616568057927035,0.716067393162393,0.75,3.056775,0.423085464289558,0.576175088991153,0.64347191468254,5.40625,4.84375,5.375,4.9375,5.4375,4.75,0.244287502861095,0.244103386595055,0.245356625855681
66400,0.6875,2.55649090909091,0.385414747593998,-0.220518580691048,0.625204107142857,0.6875,2.74603636363636,0.539438556213248,-0.179038645079718,0.55841377554276,0.662906731601732,0.6875,2.36694545454545,0.36089114847388,0.520463336883735,0.587501482683983,5.40625,4.46875,5.5,4.625,5.3125,4.3125,0.268923311072706,0.25036085068065,0.290458742376058
66857,0.53125,2.66062941176471,0.384930491664369,-0.202235080979267,0.717743165266106,0.5,2.6326125,0.541698038324518,-0.227838988231568,0.538285666852554,0.690424851190476,0.5625,2.68553333333333,0.389231103238634,0.544731257410708,0.742026111111111,5.65625,3.6875,5.5625,3.8125,5.75,3.5625,0.199670798815849,0.189925406796481,0.209455601618549
67504,0.71875,8.95327826086957,0.752614309639034,0.100336203754115,1.68073174430642,0.625,2.47641,0.847655128497627,-0.156235514316476,0.533848042868964,0.675851833333333,0.8125,13.9354846153846,1.04000542388577,1.08904519436583,2.45371629120879,5.3125,4.375,5.125,4,5.5,4.75,0.0802778579038817,0.252381471565694,0.0583043950335971
68081,0.65625,2.60157142857143,0.393459813563108,-0.211105622057093,0.684938707482993,0.6875,2.92702727272727,0.544771195163594,-0.174970470490373,0.580237020313112,0.723635638528139,0.625,2.24357,0.340055642456046,0.505758787499123,0.642372083333333,5.25,4.1875,5.25,4.4375,5.25,3.9375,0.252251386524628,0.234879943349287,0.278573880021573
68315,0.65625,2.39377142857143,0.354193633334673,-0.241540611268663,0.595334455782313,0.625,2.70703,0.518760823963696,-0.195774398027197,0.561346336121507,0.688825,0.6875,2.10899090909091,0.296375704809904,0.480046722002049,0.510343051948052,5.59375,4.34375,5.6875,4.5,5.5,4.1875,0.27414898188155,0.230880337491642,0.325985283785007
68548,0.625,2.67665,0.403447075090107,-0.191243060373994,0.657435595238095,0.625,2.6537,0.552775910725585,-0.200840308068807,0.549435438210442,0.617179047619048,0.625,2.6996,0.408566182611316,0.556116383240728,0.697692142857143,5.3125,4.09375,5.4375,4.25,5.1875,3.9375,0.233500831262959,0.235520217055432,0.231515780115573
69310,0.71875,3.46200434782609,0.490434821213808,-0.109359683491817,0.752878214285714,0.8125,3.65603846153846,0.620926974988967,-0.104854951925725,0.638675741395668,0.76730206959707,0.625,3.20976,0.460783367786859,0.597853578660255,0.734127202380952,5.25,4.46875,5.1875,4.4375,5.3125,4.5,0.207610946661961,0.222235080004629,0.194718608244853
69511,0.5,3.32413125,0.505042115018313,-0.00464058832147137,0.96444375,0.5,3.7529625,0.626075151206815,0.0192820373710464,0.666691954914519,1.05370291666667,0.5,2.8953,0.452282258734602,0.58545834749911,0.875184583333333,5.4375,3.78125,5.5,4,5.375,3.5625,0.150415240072124,0.133228083147647,0.172693675957586
69626,0.65625,2.68462380952381,0.390820119324988,-0.154238199611023,0.646817210884354,0.6875,2.96698181818182,0.546452519908011,-0.128991096323945,0.573522612983469,0.682958138528139,0.625,2.37403,0.35226650053776,0.516675417525008,0.60706219047619,5.5,4.125,5.5,3.8125,5.5,4.4375,0.244447656938722,0.231716957544857,0.263265417875932
69703,0.59375,2.90184210526316,0.388016571912564,-0.16386161956087,0.763704736842105,0.5,3.3830375,0.548994642113757,-0.0865347556260624,0.603818474239236,1.002921875,0.6875,2.55188181818182,0.333725813373047,0.509122764204318,0.589728636363636,4.96875,3.90625,5.5625,4.1875,4.375,3.625,0.204611408361295,0.147796174296028,0.269409027918791
69714,0.65625,3.72899523809524,0.536005404836089,-0.0923895542953767,0.877313798185941,0.75,4.42111666666667,0.653519382879771,-0.0437638103377518,0.716395207266263,0.960484841269842,0.5625,2.80616666666667,0.426930304978273,0.569684950364448,0.766419074074074,5.5625,4.375,5.625,4.8125,5.5,3.9375,0.175985743638335,0.169640400049761,0.200451386826632
69720,0.65625,3.17181428571429,0.475620152437751,-0.115291409069418,0.792395782312925,0.625,3.11491,0.605298510292615,-0.111973312620587,0.596128320255534,0.783235952380952,0.6875,3.22354545454545,0.487320220329863,0.613635046689961,0.800722900432901,5.46875,4.5,5.375,4.375,5.5625,4.625,0.20690051209988,0.20064785178384,0.213274486026115
70104,0.75,4.8088,0.506669656513942,-0.123892631265652,0.869056779100529,0.625,2.39973,0.651802703798117,-0.242830391899575,0.516497352127311,0.581869833333333,0.875,6.52956428571429,0.61862121731444,0.748449383562978,1.07419031179138,5.53125,4.65625,5.5625,4.0625,5.5,5.25,0.155964065879221,0.260445966837936,0.134005878755857
70172,0.5,1.68731,0.194431010191213,-0.327844650504807,0.463890776041667,0.4375,2.05538642857143,0.415898122026553,-0.263204094062768,0.467113952788438,0.566764797619048,0.5625,1.40102833333333,0.133267250046965,0.376063586989532,0.383877648148148,5.59375,3.59375,5.75,3.8125,5.4375,3.375,0.29632966082107,0.212855351148776,0.401490809726665
70531,0.625,3.765885,0.53186242790168,-0.00633415113600801,0.923011571428571,0.6875,4.37714545454545,0.651254408603583,0.0439814969440954,0.706764910003914,1.04767785714286,0.5625,3.01878888888889,0.442611243706787,0.583408240225401,0.770641666666667,5.46875,4.28125,5.4375,4.5,5.5,4.0625,0.165963644667854,0.157065833689868,0.186333003301545
70661,0.625,1.442085,0.139330344397973,-0.432297592296958,0.402314035714286,0.625,1.47501,0.380941568985627,-0.43599461723794,0.383522436212083,0.407006571428571,0.625,1.40916,0.138969976096506,0.37836070175917,0.3976215,5.34375,4.4375,5.25,4.4375,5.4375,4.4375,0.433400250331985,0.423725940841079,0.443526639984104
70695,0.5625,3.04722277777778,0.455553878815007,-0.000197737559185299,0.76113362037037,0.5625,2.72428111111111,0.591705959300091,-0.0477597363979495,0.556237665486746,0.636140111111111,0.5625,3.37016444444444,0.50437433242554,0.627174253113435,0.88612712962963,5.5625,4.0625,5.625,4.0625,5.5,4.0625,0.184594314568037,0.206476489414333,0.166905802156703
71259,0.59375,2.55563157894737,0.378719404865724,-0.180762698843874,0.656956115288221,0.5625,2.75191111111111,0.53663434379671,-0.154872390913229,0.559040045036781,0.718068333333333,0.625,2.37898,0.34987627191289,0.516469212680647,0.601955119047619,5.5,4.125,5.5,4.125,5.5,4.125,0.232330045101633,0.204403404502729,0.262717635289073
72547,0.4375,2.44455714285714,0.378691413606272,-0.110148802861356,0.803464166666667,0.4375,2.60215714285714,0.532492802929153,-0.101170024967901,0.55423308240245,0.867518571428571,0.4375,2.28695714285714,0.346500740828908,0.510752523455857,0.739409761904762,5.625,3.53125,5.5625,3.4375,5.6875,3.625,0.178969021558097,0.168129738513651,0.191302229412757
72608,0.625,1.678235,0.196963500392926,-0.365461551753902,0.452156904761905,0.625,1.82373,0.416865356990732,-0.361723832459282,0.437118699768381,0.516853,0.625,1.53274,0.166487118098741,0.396612014213083,0.38746080952381,5.21875,4.03125,5.375,4.1875,5.0625,3.875,0.372415067019815,0.342704238017689,0.407766483552331
72828,0.75,2.798825,0.420071272077312,-0.184109951001288,0.6420934375,0.8125,2.88306153846154,0.565694697860064,-0.20575844091475,0.57805843690306,0.640515521978022,0.6875,2.69927272727273,0.398666291959335,0.551083006263797,0.643958246753247,5.25,4.875,5.375,5,5.125,4.75,0.267969594383357,0.28181847288406,0.254698235214873
72903,0.34375,2.32086636363636,0.328767132501185,-0.0682523057653059,0.704093333333333,0.3125,1.657373,0.504195030788874,-0.119746993108389,0.418004746573106,0.59959625,0.375,2.8737775,0.434023318418866,0.576020267635348,0.791174236111111,5.15625,2.375,5.125,2.375,5.1875,2.375,0.148112793302501,0.188551400318456,0.130490269340615
73135,0.53125,2.07704705882353,0.301767743737311,-0.2172477108617,0.608779705882353,0.5625,1.98385555555556,0.481110869748555,-0.204817820095186,0.469313094651301,0.561672592592593,0.5,2.1818875,0.32009541284831,0.494383366732965,0.661775208333333,5.125,3.5625,5.375,3.5,4.875,3.625,0.255771768744088,0.283538788106213,0.229159386082005
73286,0.6875,2.51643227272727,0.376132734265579,-0.240949875487813,0.567005251082251,0.625,2.4111495,0.534352744739194,-0.260667431352329,0.520564783507007,0.520510641666667,0.75,2.60416791666667,0.394046591657674,0.545842712432684,0.605750758928571,5.15625,4.25,5.125,3.8125,5.1875,4.6875,0.273204253279941,0.259212462769314,0.287999861760066
73527,0.65625,3.44298095238095,0.509638129652713,-0.105588115335524,0.831893594104308,0.5,3.0389375,0.63175260737938,-0.0891657181303861,0.594302913120471,0.817121339285714,0.8125,3.69162307692308,0.539073324329098,0.65479857307717,0.840984212454213,5.09375,4.1875,5,3.6875,5.1875,4.6875,0.190605178790251,0.164531188943504,0.220092892223766
73639,0.625,2.218915,0.289905840598798,-0.305316160855283,0.562181083333333,0.6875,2.34099090909091,0.482769433441225,-0.290273551040362,0.502045013369042,0.649284307359307,0.5625,2.06971111111111,0.248334195312625,0.459210391307227,0.455721587301587,5.46875,4.4375,5.5,4.625,5.4375,4.25,0.281669194178236,0.293679055877659,0.271777059600374
74024,0.625,2.768195,0.408232453128474,-0.225818018825004,0.674894690476191,0.625,2.82408,0.558537097875219,-0.216273539663231,0.561306143030695,0.621339404761905,0.625,2.71231,0.406571911880726,0.555768052719743,0.728449976190476,5.53125,4.46875,5.6875,4.4375,5.375,4.5,0.225778892021696,0.221311011019518,0.230430887324826
74090,0.46875,3.65470666666667,0.523499227869808,-0.0599676951237864,0.945243142857143,0.5,3.99035,0.64459182003127,-0.0922179584445496,0.670251142646662,0.920688392857143,0.4375,3.27111428571429,0.487328127905305,0.615266879899393,0.973305714285714,5.25,3.5,5.375,3.8125,5.125,3.1875,0.128259267501633,0.125302291778917,0.133746473460332
74315,0.625,3.98501475,0.58219677069639,-0.00557953679563738,1.02086058125,0.625,3.7527115,0.686063013519013,-0.00109852559702933,0.665524402060063,0.9586269,0.625,4.217318,0.608469226750988,0.706601624977964,1.0830942625,5.40625,4.5,5.4375,4.5625,5.375,4.4375,0.156837562520942,0.166546242630162,0.148198452191654
74389,0.65625,2.32045238095238,0.331335134071399,-0.261546182342848,0.592724965986395,0.6875,2.48828181818182,0.504972868074839,-0.251567197651377,0.523807038162419,0.600699329004329,0.625,2.13584,0.300871500607187,0.4842552809785,0.583953166666667,5.4375,4.15625,5.4375,4.1875,5.4375,4.125,0.282811233441755,0.276295070347922,0.292624915724024
74680,0.67741935483871,2.5003380952381,0.363739026131297,-0.206154270485226,0.598393531746032,0.733333333333333,2.6197,0.527671172063087,-0.239719876076426,0.541007147779782,0.6170625,0.625,2.36904,0.343489267580544,0.513001598774723,0.577857666666667,5.32258064516129,4.16129032258065,5.26666666666667,4.53333333333333,5.375,3.8125,0.270931101729345,0.279930271914087,0.263819943943538
75395,0.65625,2.4806619047619,0.368904221489778,-0.221285171878836,0.622033282312925,0.6875,2.77289090909091,0.528581129046565,-0.153341290619513,0.561919845804357,0.607108463203463,0.625,2.15921,0.317725296109985,0.491908540612994,0.638450583333333,5.5,4.34375,5.5625,4.4375,5.4375,4.25,0.264546328840805,0.247936187372548,0.289457718332168
75739,0.8125,2.41379230769231,0.349482399362223,-0.279123087342734,0.52940559981685,0.875,2.50892142857143,0.517320691055196,-0.283558690232352,0.528310796757792,0.515919455782313,0.75,2.30280833333333,0.33226645697787,0.504498901068832,0.54513943452381,5.5,4.9375,5.5,5.25,5.5,4.625,0.336607253826567,0.34875544129663,0.325689285184394
75864,0.53125,3.85982941176471,0.55339810552587,0.0439701936254291,0.880350238095238,0.4375,4.23358571428571,0.665780471997774,0.0761256238654756,0.707487133101134,0.815032721088435,0.625,3.5982,0.514332468106155,0.636585809225422,0.9260725,5.6875,4.1875,5.75,4.375,5.625,4,0.137635616325622,0.103340295797888,0.173697960091157
76377,0.5,5.6517625,0.463193042847512,-0.0195199179676626,1.1271359375,0.5625,5.14993333333333,0.623201820917072,-0.191026068965649,0.559676369269766,0.839409444444444,0.4375,6.29697142857143,0.580271632275321,0.704877401606465,1.49707,5.125,3.625,5.4375,3.5625,4.8125,3.6875,0.0884679779095459,0.109224714883041,0.0694778442244344
76762,0.53125,4.87061764705882,0.541652884010708,0.0273931577108736,1.14202661064426,0.5625,3.29092222222222,0.664612423394558,-0.02103939754356,0.625632950775411,0.929292962962963,0.5,6.647775,0.582255776702781,0.708464330091098,1.38135196428571,5.5,3.875,5.375,3.75,5.625,4,0.109072408983038,0.17092473234453,0.0752131352219352
76803,0.6875,4.76757886363636,0.492263206586809,-0.107790992328332,0.898320907467532,0.75,5.0556175,0.631911296032379,-0.0665594041727602,0.6636982508244,0.943396251653439,0.625,4.4219325,0.439671669601861,0.593766950281955,0.844230494444444,5.53125,4.75,5.5,5.0625,5.5625,4.4375,0.144203173070455,0.148349830658668,0.14134091825237
77969,0.5625,2.58931666666667,0.394892015415116,-0.198471636758751,0.73280208994709,0.5,2.8302125,0.545598596066356,-0.180718667347889,0.575388684392188,0.882824583333333,0.625,2.3966,0.360711152660399,0.52176652540569,0.612784095238095,5.375,4.125,5.3125,4.1875,5.4375,4.0625,0.217238782432946,0.176665179734737,0.26078611366102
79183,0.6875,4.85408636363636,0.60254484065034,0.0196064474970558,1.03277148268398,0.6875,3.34245454545455,0.710449001686201,-0.0978254334302566,0.610840517148086,0.700424069264069,0.6875,6.36571818181818,0.728129314328385,0.810057486224316,1.3651188961039,5.34375,4.21875,5.4375,3.9375,5.25,4.5,0.141633244342396,0.205687165120896,0.108000382731935
79509,0.71875,4.16055760869565,0.580514122255061,-0.00371516039456239,0.944290971187026,0.625,3.8732665,0.68731570085457,-0.00366567986572219,0.676208593209928,1.00861271666667,0.8125,4.38155076923077,0.588984424004463,0.695859629811988,0.894812705433455,5.46875,4.5625,5.5625,4.6875,5.375,4.4375,0.172753286361856,0.161362508879779,0.185436627987
79659,0.59375,3.74168947368421,0.541110670690124,0.00435743815577229,0.99668343358396,0.6875,4.39290909090909,0.656226053147973,0.0266792632006976,0.715251497385234,1.14557183982684,0.5,2.8462625,0.436029444429258,0.575066067321739,0.791961875,5.53125,4.09375,5.5,4.25,5.5625,3.9375,0.158685001568388,0.156502214312322,0.175668969394074
80179,0.78125,3.652688,0.521020512459031,-0.0806046410299213,0.791750147619048,0.8125,3.57533846153846,0.642675504724981,-0.0994612639662596,0.642069623316611,0.785294633699634,0.75,3.73648333333333,0.518578811530144,0.643331876250716,0.798743621031746,5.40625,4.78125,5.375,4.8125,5.4375,4.75,0.213883583815535,0.227251212365048,0.200723496692523
80490,0.71875,3.40802173913043,0.499271830102111,-0.0863698743688215,0.694068631815045,0.625,3.3987,0.62517347843098,-0.0136379840324618,0.62742990545503,0.676958380952381,0.8125,3.41519230769231,0.495353384125768,0.623437765335558,0.707230363247863,5.90625,4.75,6.375,4.4375,5.4375,5.0625,0.210899476299523,0.183893841763027,0.237907539838955
80497,0.59375,1.73856315789474,0.227668348781969,-0.301536974151732,0.474235802005012,0.5625,1.71697777777778,0.43244371961446,-0.275654803986883,0.429879703698949,0.492255185185185,0.625,1.75799,0.230520846179902,0.434751333938419,0.458018357142857,5.46875,4.4375,5.5,4.0625,5.4375,4.8125,0.341517647664284,0.327610530130462,0.355519655970739
80785,0.75,3.76055833333333,0.472883421252009,-0.141061214310447,0.779499087301587,0.875,3.28108571428571,0.614492387359231,-0.187549830298519,0.608031466145303,0.705081173469388,0.625,4.43182,0.472338839731035,0.623537677058731,0.883684166666666,5.15625,4.09375,5.4375,4.5625,4.875,3.625,0.199438469908059,0.266680018809105,0.141025583168992
81548,0.53125,2.89599411764706,0.435553819951938,-0.139112998711945,0.83408794117647,0.5625,2.90193333333333,0.575804684494119,-0.148418443417556,0.579910350999038,0.817573148148148,0.5,2.8893125,0.428498956309221,0.571185809676085,0.852667083333333,5.34375,3.34375,5.4375,3.5,5.25,3.1875,0.183443052167396,0.193836293046015,0.17305154772978
81878,0.5625,2.17173333333333,0.308579774754696,-0.244844731908903,0.58203082010582,0.5,2.45345,0.488226915638427,-0.198735328271904,0.523365127931964,0.681945595238095,0.625,1.94636,0.266762396361766,0.460116345803598,0.502099,5.40625,4.21875,5.3125,4.0625,5.5,4.375,0.259009700392927,0.203794656504106,0.321112230008837
81898,0.65625,2.7880619047619,0.404877305083602,-0.154122934519425,0.666506553287982,0.75,3.00679166666667,0.55716231554693,-0.147635127709567,0.579170716377111,0.673880218253968,0.5625,2.49642222222222,0.364599324338663,0.527817781106687,0.656675,5.46875,4.15625,5.5,4.3125,5.4375,4,0.235378561314994,0.249435306181838,0.225322461478204
82083,0.65625,2.70788571428571,0.413216258741141,-0.192592379879109,0.665324240362812,0.6875,2.66786363636364,0.559160309615084,-0.186912380321242,0.554894827872201,0.654422705627706,0.625,2.75191,0.418854583239887,0.563852339532256,0.677315928571429,5.3125,4.03125,5.375,3.9375,5.25,4.125,0.242347746264877,0.257696829264137,0.227114985591825
82341,0.733333333333333,2.66016363636364,0.385225984704952,-0.235505597304914,0.599329772727273,0.714285714285714,2.98934,0.542849854397167,-0.183850888316314,0.574333560251592,0.676121714285714,0.75,2.38585,0.350292800412774,0.516613432851814,0.535336488095238,5.5,4.4,5.5,3.92857142857143,5.5,4.8125,0.275672264408432,0.238944286794314,0.314353375107404
83038,0.5625,2.25818888888889,0.330471476421427,-0.262525327097868,0.593777777777778,0.5625,2.22393333333333,0.502101964452414,-0.253073517024374,0.500301460469353,0.601342037037037,0.5625,2.29244444444444,0.330794570906053,0.503902468435476,0.586213518518519,5.34375,3.9375,5.3125,4.125,5.375,3.75,0.249093422949561,0.252930243712341,0.245371267933307
83463,0.625,2.746555,0.413867921074794,-0.160184985725023,0.697280214285714,0.6875,2.94493636363636,0.56058855002178,-0.144761083019638,0.581058190280605,0.708000995670996,0.5625,2.50408888888889,0.380110394803852,0.53557010081655,0.684177037037037,5.5,4,5.5,4,5.5,4,0.227557795128807,0.233451564009718,0.224632600901636
83735,0.59375,2.29021052631579,0.316776248255942,-0.255996662990425,0.59454022556391,0.5625,2.23188888888889,0.497938723109481,-0.253591912348949,0.484058336653282,0.581588888888889,0.625,2.3427,0.339388899898346,0.51043107092006,0.606196428571429,5.25,4.21875,5.25,4.0625,5.25,4.375,0.259255641862389,0.252028675262608,0.266786186878388
84474,0.59375,3.14647157894737,0.483651596669648,-0.0988585531990985,0.802334394110276,0.5625,3.23248888888889,0.609715604504411,-0.0919749570057963,0.617695516972242,0.762610183862434,0.625,3.069056,0.474719006595741,0.602533683283362,0.838086183333333,5.5625,4,5.5625,4.0625,5.5625,3.9375,0.188703436564533,0.174014519255888,0.203645681277891
85025,0.375,2.31892,0.202248507288914,-0.345040095163639,0.930927229166667,0.3125,1.09241,0.432588460682384,-0.400058370249283,0.319842734250309,0.3838621,0.4375,3.19499857142857,0.321353923076244,0.51312112241958,1.32168803571429,5.40625,3.46875,5.4375,3.1875,5.375,3.75,0.161713211322512,0.286064755906665,0.136932768581609
85733,0.625,2.37252,0.340040585122382,-0.255125152496209,0.542567714285714,0.625,2.67959,0.511305191099204,-0.200618176525592,0.554301391664475,0.570237261904762,0.625,2.06545,0.274411231778319,0.468308990533933,0.514898166666667,5.5,4.40625,5.5625,4.5,5.4375,4.3125,0.263432974221503,0.233244638172258,0.302597496913506
85970,0.625,3.34677,0.43782960196471,-0.203773659718879,0.782534634920635,0.75,4.13955,0.586448420592584,-0.149834695668271,0.655951280555428,0.917429252645503,0.5,2.1576,0.297668523820088,0.482194130648318,0.580192708333333,5.34375,4,5.5625,4.9375,5.125,3.0625,0.186747221948326,0.181179113671776,0.231738969225065
86351,0.625,3.01046925,0.376691720835707,-0.242243759696687,0.661040226785714,0.625,4.016407,0.542994908873736,-0.20007113097903,0.617277238925595,0.829987870238095,0.625,2.0045315,0.280995149068303,0.468712578821876,0.492092583333333,5.5,4.375,5.5,4.5625,5.5,4.1875,0.207608830417384,0.155611719629012,0.311793553755578
86394,0.65625,2.17273333333333,0.317604793129859,-0.279003871118686,0.555605691609977,0.625,2.36699,0.492426365166161,-0.249903665961942,0.518811168749641,0.62573819047619,0.6875,1.99613636363636,0.281600895393552,0.46844018009027,0.491848874458875,5.53125,4.40625,5.4375,4,5.625,4.8125,0.302038906446565,0.264048432819742,0.344415347831037
86424,0.65625,2.02108571428571,0.257053392322558,-0.308842064778614,0.48248503968254,0.6875,1.96033636363636,0.459037642484336,-0.323959390411843,0.447355231067514,0.440934015151515,0.625,2.08791,0.279796209568084,0.471888295042841,0.528191166666667,5.25,4,5.375,4,5.125,4,0.324701716192146,0.350705120178819,0.299342404605562
86602,0.53125,3.68252941176471,0.51539580687486,-0.0538856762403613,0.888479243697479,0.4375,3.15731428571429,0.639462986293668,-0.0890324386919832,0.594094083356465,0.752766428571429,0.625,4.05018,0.556732212704847,0.67122121834971,0.983478214285714,5.28125,3.59375,5.4375,3.3125,5.125,3.875,0.144262255802438,0.138567136626066,0.154314129248577
86726,0.6875,3.19365,0.484639713406526,-0.119731372427362,0.789103560606061,0.8125,3.45658461538462,0.611570773761489,-0.12259117043862,0.636910087062804,0.781121025641026,0.5625,2.81385555555556,0.436700936659538,0.574969543437368,0.800633888888889,5.5,4.40625,5.5,4.8125,5.5,4,0.215270928248243,0.23505861722109,0.199903651375929
87839,0.625,2.47938325,0.368516966606964,-0.206775298315442,0.642574928571429,0.6875,2.55992409090909,0.528871076186868,-0.219918679981367,0.539551108542874,0.646952627705628,0.5625,2.38094444444444,0.349053685233207,0.515817703307305,0.637224407407407,5.21875,4.34375,5.25,4.6875,5.1875,4,0.25207881839163,0.268562650916673,0.236250787502625
88062,0.625,2.37909075,0.344679374945674,-0.219648484983965,0.594805310714286,0.5625,2.30101555555556,0.513989860485053,-0.183794641521022,0.507477175888636,0.624225037037037,0.6875,2.44297045454545,0.349580839107321,0.519318420609395,0.570734625541126,5.5,4.15625,5.5,3.75,5.5,4.5625,0.262705405415914,0.244457278283888,0.281419694913141
88190,0.6875,2.44600909090909,0.342045519546539,-0.230688756415604,0.564641222943723,0.6875,2.1847,0.515545161563961,-0.24917551974111,0.490676732694587,0.536453852813853,0.6875,2.70731818181818,0.371873432835418,0.540413590433335,0.592828593073593,5.5,4.125,5.5,3.8125,5.5,4.4375,0.281070091912243,0.314688515585664,0.25394133745236
88236,0.709677419354839,2.59931636363636,0.395306952103321,-0.17194352994625,0.639924432088744,0.666666666666667,2.4372275,0.546149741483623,-0.226050246509438,0.525123596077716,0.617744077380952,0.75,2.73439041666667,0.420662831804455,0.563671529321879,0.658408061011905,5.09677419354839,3.96774193548387,5.13333333333333,3.93333333333333,5.0625,4,0.273024641895464,0.273534853298129,0.274284167845454
88463,0.5625,2.34089555555556,0.342745490493212,-0.165795626307108,0.585800388888889,0.5,2.3369975,0.51057566298893,-0.176132995301976,0.514573400067448,0.571211458333333,0.625,2.344014,0.33656951677687,0.507377473326115,0.597471533333333,5.21875,3.75,5.3125,3.4375,5.125,4.0625,0.240292651530326,0.213949736788336,0.266636632716358
89269,0.71875,14.2255652173913,0.74797701073229,0.166706131732814,2.36681399240856,0.625,6.653,0.857339568064897,-0.0253835325880364,0.633739632531233,1.22329714285714,0.8125,20.0506153846154,0.952131403140971,1.02933951847541,3.24644233821734,5.21875,4.3125,5.125,3.9375,5.3125,4.6875,0.0505252331992616,0.0939425822937021,0.0405224470378811
90069,0.59375,4.81502105263158,0.662440219651528,0.0826859249464182,1.19777854636591,0.625,5.42168,0.750895573384249,0.108118988600395,0.795045659726614,1.24557407142857,0.5625,4.14095555555556,0.602649817456753,0.701839921892733,1.14467240740741,5.3125,4,5.25,3.9375,5.375,4.0625,0.123312025743998,0.115277921234746,0.135838212328877
91451,0.71875,2.39068260869565,0.347933842602877,-0.239616065259542,0.586906045548654,0.75,2.79534166666667,0.515509073403616,-0.192507526390679,0.566488992347692,0.686748293650794,0.6875,1.94923636363636,0.267192815581127,0.459894616373716,0.477987229437229,5.28125,4.09375,5.5,4.5625,5.0625,3.625,0.300646349869148,0.268303516862876,0.352702223714648
91731,0.59375,2.65127368421053,0.385762886394178,-0.195017596535901,0.604741528822055,0.5625,2.41045555555556,0.543260304921792,-0.209342607349057,0.520458232533693,0.545801825396825,0.625,2.86801,0.411907302901879,0.563782170071081,0.657787261904762,5.375,4.15625,5.6875,4.25,5.0625,4.0625,0.223948965938913,0.233358378545319,0.217921136955589
91907,0.59375,2.25044210526316,0.300319317548288,-0.26357229075478,0.563898458646616,0.625,1.59627,0.486549675060518,-0.337698672654443,0.40736743907979,0.421442571428571,0.5625,2.9773,0.428879631766359,0.574529937261328,0.722182777777778,4.8125,3.75,5.0625,3.875,4.5625,3.625,0.26383704722347,0.391537772431982,0.188929567057401
92795,0.78125,7.555744,0.605395045628526,-0.0535844190826181,1.37045232380952,0.6875,2.13888181818182,0.741512791101543,-0.321434115714337,0.484709465378479,0.544427337662338,0.875,11.81185,0.843511769838159,0.943286832741093,2.01947195578231,5.46875,4.90625,5.4375,4.4375,5.5,5.375,0.103398156422452,0.321429634005874,0.0740781503320818
93352,0.625,2.38074,0.352824382385071,-0.201830152641616,0.609318238095238,0.625,2.45427,0.517328972300182,-0.190735120995163,0.525743015974366,0.619329642857143,0.625,2.30721,0.341217555131593,0.508914928625998,0.599306833333333,5.40625,3.625,5.5,3.75,5.3125,3.5,0.262523417088804,0.254658207939632,0.270889949332744
94759,0.34375,3.16520272727273,0.481318023262344,-0.0491668022431135,0.910074234848485,0.375,3.35853166666667,0.608357436134743,-0.0801506878004022,0.626406504278181,0.920793763888889,0.3125,2.933208,0.452707662971591,0.586698554362616,0.897210799999999,5.53125,2.90625,5.625,2.875,5.4375,2.9375,0.108602838307355,0.111655936944667,0.106538643014747
95088,0.84375,6.21514444444444,0.626558290351351,-0.0245685091283181,1.07002166078777,0.75,3.39510833333333,0.743367647390372,-0.139944846069058,0.599120876681665,0.699216643518519,0.9375,8.47117333333333,0.759611054808735,0.858765063957338,1.36666567460317,5.625,4.6875,5.625,4.3125,5.625,5.0625,0.135757102275267,0.220906058471379,0.11066943894431
95591,0.625,1.94547825,0.26813369288429,-0.276152214647827,0.482824969047619,0.6875,2.10262136363636,0.460463992318355,-0.23603260007284,0.485077772822249,0.536222367965368,0.5625,1.75341444444444,0.219438200756473,0.430380482813595,0.417561481481482,5.5,4.125,5.5,4.0625,5.5,4.1875,0.321257767852198,0.326972802564418,0.320802649814045
95802,0.59375,2.96749473684211,0.438007696899159,-0.1114742740896,0.770369110275689,0.5625,3.05273333333333,0.5795602078604,-0.0683481410614503,0.595848560779784,0.845332407407407,0.625,2.89078,0.415416584627592,0.564900690232955,0.702902142857143,5.375,3.9375,5.5,3.9375,5.25,3.9375,0.200084600868356,0.184261099342666,0.21620462297373
96229,0.625,2.16016,0.280259038982971,-0.274135475795589,0.540081654761905,0.6875,1.80367272727273,0.474581647659387,-0.31257952467028,0.430608342457035,0.43111816017316,0.5625,2.59586666666667,0.361279527351222,0.528326798462261,0.673259259259259,5.4375,4.1875,5.4375,4.375,5.4375,4,0.289330419968891,0.381166710348582,0.216690636396322
96515,0.71875,2.76260434782609,0.416050410726968,-0.214236792804743,0.649598121118012,0.8125,3.01317692307692,0.562338830041343,-0.189670028196708,0.588834399732303,0.660287316849817,0.625,2.43686,0.368973284191875,0.527894589443095,0.635702166666667,5.5,4.25,5.5,4.5625,5.5,3.9375,0.260171168037721,0.26964895216651,0.256477598220661
96579,0.53125,3.41623382352941,0.503178693229815,0.0637254034622968,0.943598975490196,0.5625,3.37857222222222,0.627218032134783,0.0365163264051656,0.623970704133685,0.907572731481482,0.5,3.458603125,0.507478225181878,0.630871276136019,0.9841285,5.46875,3.875,5.4375,4.125,5.5,3.625,0.155507505470205,0.166490447148121,0.144567035282489
97460,0.625,3.520275,0.528800827483682,-0.0917416110785842,0.870637458333333,0.5625,3.73875555555556,0.64476025859542,-0.0762965679035067,0.666270524130866,0.918704722222222,0.6875,3.34151818181818,0.505140220833273,0.627160950430055,0.831309696969697,5.5,4.21875,5.5,3.9375,5.5,4.5,0.177542947639034,0.150451130500939,0.205744802988299
97596,0.59375,8.74800157894737,0.606797027973233,0.0949687240915551,1.60038730670426,0.5625,6.50548944444444,0.723941080729345,0.12335558746398,0.759675416749679,1.49307136507937,0.625,10.7662625,0.557265225920099,0.691780178311044,1.69697165416667,5.375,3.75,5.375,3.5,5.375,4,0.0678726443567292,0.086465438888747,0.0580517147896032
98811,0.625,2.151165,0.298281980005404,-0.248436277048299,0.544060904761905,0.6875,1.98077272727273,0.482108625531302,-0.299709453987132,0.46244753820029,0.489824523809524,0.5625,2.35942222222222,0.331476751400058,0.506138843380316,0.610349814814815,5.4375,4.34375,5.5,4.875,5.375,3.8125,0.290540242147859,0.347086765954517,0.238405824401454
99010,0.62962962962963,2.47350588235294,0.339772689467974,-0.232288452348311,0.666382717086835,0.615384615384615,3.127675,0.511481215577993,-0.121829669570374,0.571998928750988,0.809791607142857,0.642857142857143,1.89202222222222,0.26820767430322,0.457687692757553,0.538908148148148,5.22222222222222,4.07407407407407,5.15384615384615,4.23076923076923,5.28571428571429,3.92857142857143,0.254549477372049,0.19675465493845,0.339772511816533
99368,0.59375,3.55612631578947,0.513866886518042,-0.0646457156438342,0.882887048872181,0.625,4.05931,0.636506225545808,-0.0382743925323461,0.683619852094772,0.978378642857143,0.5625,2.99703333333333,0.445180321283578,0.584157751602515,0.776785277777778,5.46875,4.15625,5.5,4.3125,5.4375,4,0.166965385161856,0.153967053514021,0.187685600204647
99761,0.625,3.90222,0.546240090309345,0.00942193463183117,0.960129982142857,0.625,4.43236,0.66199371011608,0.0693191266501749,0.718668587687849,1.08356379761905,0.625,3.37208,0.471153551348356,0.605318832544312,0.836696166666667,5.53125,4.34375,5.5625,4.3125,5.5,4.375,0.160165239274054,0.141008401844615,0.185345543403478
99798,0.59375,3.220355,0.468972496777789,-0.12607725847464,0.891974697368421,0.5625,4.07406222222222,0.601729211798123,-0.0429228617043287,0.676823166071327,1.14285516666667,0.625,2.4520185,0.38148677572556,0.534144652952239,0.666182275,5.15625,3.8125,5.375,3.8125,4.9375,3.8125,0.184374082981535,0.138068583472243,0.254892040985825
